PUBCHEM_RESULT_TAG,PUBCHEM_SID,PUBCHEM_CID,PUBCHEM_EXT_DATASOURCE_SMILES,PUBCHEM_ACTIVITY_OUTCOME,PUBCHEM_ACTIVITY_SCORE,PUBCHEM_ACTIVITY_URL,PUBCHEM_ASSAYDATA_COMMENT,EC50_Qualifier,EC50,Std.Err(EC50),nH,zScore,CellCount,NucleiNucArea,CellsNucIntensity
RESULT_TYPE,,,,,,,,STRING,FLOAT,FLOAT,FLOAT,FLOAT,FLOAT,FLOAT,FLOAT
RESULT_DESCR,,,,,,,,"This qualifier is to be used with the next TID, EC50. If qualifier is =, IC50 result equals to the value in that column; if qualifier is >, EC50 result is greater than that value.",EC50 value determined using sigmoidal dose response equation,Standard Error of EC50 value,Hill coefficient determined using sigmoidal dose response equation,The zScore in primary screening,Number of cells,Nuclear Area,Average cell (GFP) intensity under the nuclei mask  
RESULT_UNIT,,,,,,,,,MICROMOLAR,MICROMOLAR,NONE,NONE,cells,um^2,RU
RESULT_IS_ACTIVE_CONCENTRATION,,,,,,,,,TRUE,,,,,,
RESULT_ATTR_CONC_MICROMOL,,,,,,,,,,,,10,10,10,10
1,4252205,3245787,CCN(CCNC(=O)C1CCCN(C1)S(=O)(=O)CC)C2=CC=CC=C2,Inactive,0,,,,,,,-0.33,3427,5.0784,89.613
2,24808509,1455276,COC1=CC=CC(=C1)NC(=O)N2CCN(CC2)C3=NN=NN3C4=CC=CC=C4,Inactive,0,,,,,,,-0.33,2885,5.2514,89.567
3,24816505,2323759,CCN1/C(=C/C=C(\C#N)/C(=O)OCC)/C=CC2=CC=CC=C21,Inactive,0,,,,,,,-0.28,2718,5.4552,103.26
4,22411955,3688611,CC1=C(C(N2C3=CC=CC=C3N=C2N1)C4=C(C=C(C=C4)OC)OC)C(=O)C5=CC=CC=C5,Inactive,0,,,,,,,-0.33,2997,5.3758,89.461
5,24831815,4878878,CC1=CC(=C(C=C1)OC)NC(=O)CC(C2=CC=CC=C2)NC(=O)C,Inactive,0,,,,,,,-0.33,3057,5.192,89.293
6,22404340,9613462,C/C(=N\NC(=S)NCCOC)/C1=CC2=C(C=C1)C=C(C=C2)OC,Inactive,0,,,,,,,-0.33,2792,5.2588,89.399
7,14745643,2534073,C1OC2=C(O1)C=C(C=C2)CNC(=O)CSC3=NC4=C(O3)C=C(C=C4)Cl,Inactive,0,,,,,,,-0.33,3144,5.3139,89.149
8,845254,647594,CC1(C(=O)N(C2=C(O1)C=CC(=C2)C(=O)N3CCCCCC3)CC(=O)C4=CC(=CC=C4)OC)C,Inactive,0,,,,,,,-0.33,3685,5.1204,88.808
9,3717647,3000087,CC1=CC(=CC=C1)OCCNC2=NC3=C(N2C)C(=O)N(C(=O)N3C)C,Inactive,0,,,,,,,-0.33,3063,5.2193,88.686
10,14721286,3173825,CC(C)C(C1=NN=NN1C2CCCC2)N3CCOCC3,Inactive,0,,,,,,,-0.33,3184,5.3304,88.565
11,859575,660880,CC(C)OC1=C(C=C(C=C1)[C@@H]2[C@H]3CNCC=C3C(=C(C2(C#N)C#N)N)C#N)OC,Inactive,41,,,=,13.6,1.25,1.71,-0.3,3157,5.3262,97.296
12,3716728,867011,CC1=C(NC(=C1C(=O)C)C)C(=O)NC2=CC(=C(C=C2)OC)Cl,Inactive,0,,,,,,,-0.33,3410,5.2133,88.05
13,853043,655684,CN1CC=C2C(C1)C(C(C(=C2C#N)N)(C#N)C#N)C3=C(C(=CC=C3)Cl)Cl,Inactive,41,,,=,11.9,0.562,1.93,-0.2,3008,5.283,126.58
14,24796327,5741389,C1=CC=C2C(=C1)NC(=O)C(=N2)/C=C/C3=CC=C(C=C3)F,Inactive,0,,,,,,,-0.32,3057,5.2876,92.382
15,14743690,9551871,CC(C)C(C)(C#N)NC(=O)CSC1=NN=C(N1C)C(F)(F)F,Inactive,0,,,,,,,-0.33,3012,5.2754,88.441
16,24813443,2139032,CCCCOC1=CC=C(C=C1)C2=NC(=C(C(=C2)C(F)(F)F)C#N)SCC(=O)O,Inactive,41,,,=,12.3,2.03,1.11,-0.24,3057,5.319,114.31
17,17512364,1867783,C1CCN(CC1)C2=CC=C(O2)/C=C(/C#N)\C(=O)NC3=CC4=CC=CC=C4C=C3,Active,30,,,,,,,5.59,3000,5.1444,1778.9
18,24782643,1352303,C1C(=O)N(C(=NC(=O)C2=CC=CC=C2)S1)C3=CC=CC=C3Cl,Inactive,0,,,,,,,-0.31,3111,5.3537,95.642
19,4244548,2135723,C1CC2=C3C(=C4C(=C2)C=C(C(=N)O4)C(=O)NC5=CC=CC=C5)CCCN3C1,Active,30,,,,,,,0.18,3142,5.1612,233.99
20,17403500,3119020,C1C(N(N=C1C2=CC=CO2)C3=CC=CC=C3)C4=CC=C(C=C4)F,Inactive,0,,,,,,,-0.33,2912,5.4095,89.187
21,843355,645645,CC1(CC2=C(C(=O)NC(=C2CO1)C3=CC=CC=C3)C#N)C,Inactive,0,,,,,,,-0.33,3519,5.2206,88.44
22,24836741,3983935,CC1=CC(=NC2=C1C=CC(=C2)OC)SCC(=O)N(C)C3CCS(=O)(=O)C3,Active,56,,,=,9.63,0.642,3.55,-0.28,3268,5.1787,102.06
23,14735188,1046783,CC1=CC=C(C=C1)N2C3=C(C(=O)NC2=O)C(NC(=O)N3)(C(F)(F)F)C(F)(F)F,Inactive,0,,,,,,,-0.33,2847,5.1392,89.186
24,24840465,9688820,CC1=CC(=NC2=CC=CC=C12)N/N=C/C3=CC=C(O3)[N+](=O)[O-],Active,30,,,,,,,0.28,733,4.3374,264.15
25,17512113,1366257,C1CCN(CC1)C2=CC=C(O2)/C=C(\C#N)/C(=O)NC3=CC(=CC=C3)Br,Active,30,,,,,,,3.15,2785,5.214,1081.8
26,863900,665152,CC(=O)C1=[N+](C2=CC=CC=C2N=C1COC(=O)C3=CC=NC=C3)[O-],Inactive,0,,,,,,,-0.33,2883,5.1768,88.789
27,26667370,16412561,CCN\1C2=C(C=CC(=C2)S(=O)(=O)N(C)C)N(/C1=C/C=C\3/C(=O)N(C(=S)S3)CC)C4=CC=CC=C4,Active,30,,,,,,,0.11,2836,5.1629,215.47
28,14732067,4527291,CC1=NN(C(=O)C2=CC=CC=C12)C3=C(C=C(C=C3Cl)Cl)Cl,Inactive,0,,,,,,,-0.33,3221,5.1047,88.562
29,4241819,1045636,C1COCCN1C2=NC(=NC(=N2)N)CSC3=C(C(=CC(=N3)C4=CC=CC=C4)C(F)(F)F)C#N,Active,30,,,,,,,0.32,3070,5.5049,275.56
30,3711844,2325556,CC(C)(CNS(=O)(=O)C1=CC=C(C=C1)Cl)N2CCCCC2,Inactive,0,,,,,,,-0.34,3729,5.1468,87.39
31,14730242,948973,CCC(=O)NC1=CC2=C(C=C1)N(C=N2)C3=CC=CC=C3,Inactive,0,,,,,,,-0.34,3262,5.1389,87.132
32,4258617,756386,CC1=CC=CC=C1NC2=NC(=CC(=C2C#N)COC)C,Inactive,0,,,,,,,-0.34,3239,5.1813,86.999
33,14730245,1531666,CC1(CC2=C(C=CC3=CC=CC=C23)C(=N1)C4=CC5=CC=CC=C5OC4=O)C,Inactive,0,,,,,,,-0.33,2730,5.1774,87.683
34,17416166,5333965,CC(C)C1=CC=C(C=C1)/C=C(\C)/C=N/NC(=O)C2=CC=NC=C2,Inactive,0,,,,,,,-0.33,2701,5.2307,88.33
35,17386631,990753,CC1=C2C=CC=CN2C3=C(C(=CC3=C1C4=CC=CC=C4)C(=O)OC)C(=O)OC,Inactive,41,,,=,11.3,0.213,1.95,-0.22,2897,5.2135,118.91
36,856220,657591,CC(C)N1CC=C2C(C1)C(C(C(=C2C#N)N)(C#N)C#N)C3=CC=CC=C3,Active,57,,,=,8.22,0.601,3.01,0.03,3036,5.2642,191.37
37,24783267,1130140,CCCN1CCC2=C(C1)SC(=C2C#N)NC(=S)NC(=O)C3=CC=CC=C3,Inactive,41,,,=,13.3,0.553,1.44,-0.23,3205,5.11,117.97
38,7964579,5307104,CC1=C(C(=CC=C1)NC(=O)CSC2=NN=C(N2C3=CC=C(C=C3)OC)CC4=CC=CN4C)C,Inactive,0,,,,,,,-0.33,3131,5.2126,89.439
39,24812670,765272,CC1=C(C=C(C=C1)[N+](=O)[O-])NC(=O)C2=CC=CS2,Inactive,0,,,,,,,-0.33,3033,5.1449,89.562
40,14740282,880443,CN1C(=O)C(=CC2=CC=C(O2)N3CCCCC3)C(=O)N(C1=S)C,Inactive,41,,,>,16,,,-0.27,2945,5.1646,104.7
41,17431574,5723128,CN(C)C1=CC=C(C=C1)/C=C\2/C(=O)N(C(=O)S2)CC(CN3C4=CC=CC=C4C5=CC=CC=C53)O,Inactive,0,,,,,,,-0.23,3022,5.1754,118.73
42,17411191,2766825,C1=CC=C2C(=C1)C(=C(N2CC3=CC=C(C=C3)Cl)O)N=O,Inactive,0,,,,,,,-0.33,3425,5.1012,89.585
43,14745629,2111348,CN(C1=CC(=CC=C1)Cl)S(=O)(=O)C2=CC=CC(=C2)C(=O)NC3=NCCS3,Inactive,0,,,,,,,-0.33,3263,5.0442,89.659
44,850923,653469,CCN1C(=NN=C1SCC(=O)NC2=CC=C(C=C2)C(=O)C)CN3N=C(N=N3)C4=CC=CC=C4,Inactive,0,,,,,,,-0.33,3179,5.304,89.559
45,16953520,4877254,C1CN(CC2=CC=CC=C21)C(=O)CNC(=O)CC34CC5CC(C3)CC(C5)C4,Inactive,0,,,,,,,-0.33,2923,5.2474,89.89
46,862828,664061,CN1C2=C(C=N1)C3=NC(=NN3C=N2)CCC4=CC=CC=C4,Inactive,0,,,,,,,-0.33,2707,5.262,89.618
47,7976757,751241,CC1=C(C(=O)OC2=C1C=CC(=C2)OCC3=CC=C(O3)C(=O)OC)C,Inactive,0,,,,,,,-0.33,3403,5.1546,89.172
48,17387127,5455271,CC(C)OC(=O)CN1C(=O)/C(=C\C2=CC=C(O2)N3CCCCC3)/SC1=O,Active,30,,,,,,,0.56,2115,5.4063,342.77
49,17511106,135517010,CCN(CC)C1=CC(=C(C=C1)/C=N/C2=C(C3=C(S2)N4CCC3CC4)C#N)O,Active,30,,,,,,,1.45,2493,5.1016,596.66
50,14736401,2857021,C1C2C=CC1C3C2C(=O)N(C3=O)CCC4=CC=CC=C4,Inactive,0,,,,,,,-0.33,3430,5.1429,88.451
51,17504086,135472532,C1=CNC(=C1)/C=N/NC2=CC=C(C=C2)[N+](=O)[O-],Active,58,,,=,4.32,0.198,1.66,-0.16,841,5.189,137.35
52,14723163,730811,CC1=CC2=C(C=C1)NC(=C(C2=O)CN(C)C)C3=CC=CC=C3,Inactive,0,,,,,,,-0.33,3240,5.0948,88.012
53,24787136,5721447,C1=CC=C2C(=C1)NC(=N2)/C(=C/C3=CC=C(O3)C4=CC=C(C=C4)C(=O)O)/C#N,Inactive,0,,,,,,,-0.29,3280,5.2905,100.1
54,17387056,11839273,COCCCN1C(=O)/C(=C/C2=CC(=C(C=C2OC)N3CCCC3)OC)/SC1=NC4=CC=CC=C4,Active,30,,,,,,,2.55,3162,5.3163,911.7
55,849188,651657,C1CCC(CC1)(C2=CN(N=N2)CC3=CC=CC=C3)O,Inactive,0,,,,,,,-0.33,3098,5.3226,88.058
56,856377,657744,CN1CC=C2C(C1)[C@H](C(C(=C2C#N)N)(C#N)C#N)C3=CC(=CC=C3)Cl,Active,56,,,=,9.06,0.552,2.45,-0.19,2964,5.1654,127.49
57,22413230,11841689,CN1C(=CC=C1)/C=C/2\C(=O)/C(=C\C3=CC=CN3C)/C4N(C2CC4)C,Inactive,0,,,,,,,-0.29,3283,5.1116,100.65
58,856726,573747,C1=CSC(=C1)C(=O)C2=NO[N+](=C2C(=O)C3=CC=CS3)[O-],Inactive,0,,,,,,,-0.31,586,3.6776,94.998
59,26660620,6289234,CCCN1C(=O)/C(=C/C2=C(N=C3C(=CC=CN3C2=O)C)N4CCNC(=O)C4CC(=O)OCC)/SC1=S,Active,58,,,=,5.56,0.842,1.54,0.04,2792,5.2106,194.64
60,24811831,135472738,CC1=CC=CC=C1NCC(=O)N/N=C/C2=CNC3=CC=CC=C32,Inactive,0,,,,,,,-0.33,2722,5.0091,88.546
61,24796100,2185976,CC1=C(C=CC(=C1)/C=C\2/C(=O)N(C(=S)N2)C)N3CCCC3,Active,30,,,,,,,0.07,2983,5.273,203.19
62,17414824,5510122,C1=CC=C(C=C1)C2=NN(C=C2/C=N\NC(=O)C3=CC=C(O3)Br)C4=CC=CC=C4,Inactive,0,,,,,,,-0.32,626,4.4538,92.085
63,4243739,3238425,CC1=CC=C(C=C1)N(CN2CCCC2=O)C(=O)C3=CC=C(C=C3)OC,Inactive,0,,,,,,,-0.33,3380,4.9794,88.814
64,14728452,5284728,CN1CC=C2[C@H](C1)[C@H](C(C(=C2C#N)N)(C#N)C#N)C3=CC=CS3,Inactive,41,,,>,16,,,-0.24,2822,5.1121,113.84
65,24836071,2459117,CC1=C(C=C(C=C1)NC2=NC(=C(S2)C=O)Cl)Cl,Inactive,0,,,,,,,-0.27,2842,5.2688,105.78
66,14733521,2136878,COC1=C(C=C2C(=C1)C3=NN=C(C3=CN2CC4=CC=CC=C4)C5=CC=C(C=C5)F)OC,Active,60,,,=,2.58,0.1,3.87,4.68,338,3.7109,1518.7
67,17411890,5722655,CCCOC1=C(C=CC(=C1)N(CC)CC)/C=C(/C#N)\C2=NC3=C(N2)C=C(C=C3)C,Active,30,,,,,,,0.73,1366,5.059,392.52
68,4241496,3236462,C1CCC(CC1)NC(=O)CSC2=NN=C(O2)CNC(=O)COC3=CC=C(C=C3)Cl,Inactive,0,,,,,,,-0.32,3662,5.1458,92.674
69,4241116,3236135,CCCCNC(=O)C1CC(=O)N(C1)C2CCCCC2,Inactive,0,,,,,,,-0.33,3066,5.1402,87.754
70,17387597,1036385,COC1=C(C=C(C=C1)C(=O)C2=C(C3=C(S2)N=C(C=C3)C4=CC=CC=C4)N)OC,Active,60,,,=,1.87,0.109,1.72,-0.1,2556,5.2126,154.27
71,24790934,672640,CCOC1=CC(=CC2=C1C(=O)NC3=CC=CC=C3O2)[N+](=O)[O-],Inconclusive,15,,,,,,,-0.19,2878,5.4786,129.63
72,24790533,2285453,COC1=CC=C(C=C1)CN2C(=O)/C(=C/C3=CC=C(O3)C4=CC(=C(C=C4)Cl)C(=O)O)/SC2=S,Inactive,41,,,>,16,,,-0.26,3025,5.1296,109.09
73,26660571,16682106,C1=CC=C(C=C1)CC2=C[N+](=CC=C2)C\3=C(C4=CC=CC=C4C(=O)/C3=N\S(=O)(=O)C5=CC=CS5)[O-],Inactive,0,,,,,,,-0.31,307,3.7736,94.291
74,24819630,6418733,CC1=C(N=C(N=N1)SCC=C)/C=C/NC2=CC=C(C=C2)Cl,Inconclusive,15,,,,,,,-0.2,3203,5.4416,124.62
75,26666954,6889114,COC1=CC=CC(=C1)/C=N/NC(=O)CCN2C=NC3=CC=CC=C32,Inactive,0,,,,,,,-0.33,3254,5.1453,87.913
76,26657935,6893174,COCCNC(=S)N/N=C/C1=CC=C(O1)C2=CC=C(C=C2)[N+](=O)[O-],Inconclusive,15,,,,,,,-0.22,3034,5.13,121.02
77,26662643,5775469,CCCN1C(=O)/C(=C\C2=CC=C(O2)N3CCOCC3)/SC1=O,Active,58,,,=,5.4,0.35,3.22,-0.09,3212,5.1684,156.16
78,7969351,5309919,CC1=NC(=CC=C1)NC(=O)NC2=CC=C(C=C2)C#N,Inactive,0,,,,,,,-0.32,2800,5.4982,92.069
79,26728967,5365184,CC(C)(C)NC(=S)N/N=C\C1=CC=C(O1)C2=CC=C(C=C2)[N+](=O)[O-],Inactive,41,,,=,11.4,0.341,1.56,-0.06,3002,5.0456,166.3
80,22402851,2484938,CCCNC(=O)CN1/C(=C/C(=O)C(C)(C)C)/S/C(=C/C2=CC=C(O2)C3=CC=C(C=C3)[N+](=O)[O-])/C1=O,Active,30,,,,,,,2.07,3098,5.1088,773.41
81,3713205,2998330,CC1=CC(=NC(=N1)C)NS(=O)(=O)C2=CC=C(C=C2)NC(=O)COC3=CC=C(C=C3)OC,Inactive,0,,,,,,,-0.33,3072,5.1976,88.595
82,17510327,12005182,CC\1(C2=CC=CC=C2N(/C1=C/C=C/3\C(=O)N(C(=S)S3)CC=C)C)C,Active,57,,,=,6.86,0.377,1.71,-0.15,2623,5.0565,139.64
83,3717606,3000069,CC1=CC(=NN1C2=CC=C(C=C2)C(=O)OCC(=O)N(CC(C)C)C3CCS(=O)(=O)C3)C,Inactive,0,,,,,,,-0.33,3482,5.0844,87.733
84,24809612,3147167,CC(=O)N(C1=CC=CO1)C(CC=C)C2=CC=CC=C2,Inactive,0,,,,,,,-0.33,3427,5.1261,88.121
85,17411489,3767271,CCOC(=O)CC1C(=O)NCCN1S(=O)(=O)C2=C(C=C(C=C2)Cl)Cl,Inactive,0,,,,,,,-0.33,3501,5.1958,88.248
86,26669922,9645252,C1=CC=C(C=C1)N2C(=NN=N2)SC3=C(C(=O)N4C=CC=CC4=N3)/C=N/NC5=CC=CC=C5C(=O)O,Inactive,41,,,=,10.7,0.592,1.96,-0.16,3260,5.1155,138.12
87,17411222,1483026,CC1=CC=C(C=C1)S(=O)(=O)NC2=CN(C(=O)C=C2)CC3=CC(=C(C=C3)Cl)Cl,Inactive,0,,,,,,,-0.33,3233,5.1831,89.574
88,26669295,2265776,CC(=O)CC1=C(C2=CC=CC=C2C(=C1)O)OC(=O)C3=CC=C(C=C3)Br,Inactive,0,,,,,,,-0.26,2646,5.3477,107.66
89,17386090,4460950,C1=CC(=CC(=C1)Cl)C(=O)CSC2=C(C=CC(=N2)C3=CC=C(C=C3)Cl)C#N,Inactive,0,,,,,,,-0.27,3128,5.1814,105.97
90,26658393,135436357,COC1=C(C=CC(=C1)/C=C(\C#N)/C2=NC3=CC=CC=C3O2)O,Active,59,,,=,2.62,0.205,1.46,-0.18,3539,5.1153,132.13
91,17408907,1105521,C1=CC=C(C=C1)C2=NC(=C(C=C2)C#N)SCC(=O)C3=CC(=CC=C3)Cl,Inactive,0,,,,,,,-0.23,3338,5.2228,118.04
92,859696,661002,CC1CCN(CC1)C2=NC3=CC=CC=C3N=C2C(C#N)S(=O)(=O)C4=CC=C(C=C4)C,Inactive,0,,,,,,,-0.33,3264,5.0686,89.136
93,16953522,4835204,C1=CC=C2C(=C1)C3=C4C(=C(C=C3)SCC(=O)NC5=CC=CC(=C5)C#N)C=CC=C4C2=O,Active,58,,,=,4.73,0.329,1.13,-0.15,3094,5.0115,139.99
94,14725846,3156453,CCN1CC2C(C(C(C(=C2C=C1)C#N)N)(C#N)C#N)C3=CC=CC=C3C(F)(F)F,Active,30,,,,,,,0.77,2724,5.057,403.18
95,856321,657691,CCN1CC=C2[C@H](C1)[C@H](C(C(=C2C#N)N)(C#N)C#N)C3=C(C(=CC=C3)OC)OC,Active,30,,,,,,,0.28,2794,5.1196,262.51
96,14745766,854142,CC1=CC=C(C=C1)C2=NN(C(=C2)N)C3=CC=CC=C3,Inactive,0,,,,,,,-0.33,3087,5.1586,89.705
97,14734747,2949620,CCC(C)NS(=O)(=O)C1=CC=C(C=C1)OCC(=O)NC2=CC=C(C=C2)C(=O)OCC,Inactive,0,,,,,,,-0.33,3163,5.106,87.592
98,24807228,1971752,C1COCCN1C2=CC=C(O2)/C=C(\C#N)/C(=O)NCCC3=CC=CC=C3,Active,56,,,=,8.69,0.552,2.55,-0.25,3060,5.0678,110.81
99,14740902,2036162,CCCCN1C2=NC3=CC=CC=C3N=C2C(=N1)C4=CC=CC=C4,Inactive,41,,,=,13.8,0.946,1.79,-0.1,3248,5.1487,154.99
100,24801276,798024,C1CCN(CC1)C2=CC=C(O2)/C=C(\C#N)/C(=O)N,Inactive,41,,,=,12.2,0.459,2,-0.24,3256,5.1202,115.17
101,24810868,5121711,C=CCN1C(=O)C2=C3C(=C(C=C2)N4CCCCC4)C=CC=C3C1=O,Active,57,,,=,6.64,0.606,1.63,-0.03,3295,5.276,175.37
102,22401760,2019253,CC1=CC=C(C=C1)C(=O)NN2C(=O)/C(=C/C3=CN(C4=CC=CC=C43)C)/SC2=S,Inactive,0,,,,,,,-0.27,3062,5.2508,105.04
103,22402422,15944897,CC1=CC(=C2C(=C1)SC(=N2)NNC(=O)C3=CC(=NC4=CC=CC=C43)C5=CC=CS5)C,Inactive,0,,,,,,,-0.33,2739,5.3364,88.72
104,22402596,2009322,CN1C=C(C2=CC=CC=C21)/C=C\3/C(=O)N(C(=S)S3)NC(=O)C4=CC=CC=C4,Inconclusive,15,,,,,,,-0.2,3499,5.228,126.03
105,24797521,2187445,CC1=C(C=CC(=C1)N2CCCC2)/C=C\3/C(=O)N(C(=S)N3)C,Active,57,,,=,7.7,0.292,1.93,0.01,2436,5.4353,185.76
106,17505825,2044030,C1=CC=C(C=C1)CN2C(=CC3=NC4=CC=CC=C4N=C32)NS(=O)(=O)C5=CC=C(C=C5)Cl,Active,30,,,,,,,0.09,777,5.6786,208.67
107,24817831,3782110,CC1=C(C=CC(=C1)NC2=NN(C(=C2C#N)N)C)F,Inactive,0,,,,,,,-0.33,3297,5.1137,88.754
108,22400656,6249199,CN1C2=CC=CC=C2N=C1/C(=C/C3=CC=C(O3)C4=CC=C(C=C4)S(=O)(=O)N)/C#N,Active,57,,,=,8.08,0.367,4.15,-0.15,2678,5.1503,140.89
109,26671064,16682690,C1COCCO1.C1=CC=C(C=C1)C2=CC(=NC3=C2C(=C(S3)C(=O)O)N)C4=CC=CC=C4,Inactive,0,,,,,,,-0.28,3318,5.1103,102.23
110,17432625,5599490,CCCCN1C(=O)C2=NC3=C(C=C(C=C3)N)N=C2NC1=O,Inactive,0,,,,,,,-0.32,3537,5.2907,91.572
111,14731386,2193419,COC1=CC(=C(C=C1/C=C(/C#N)\C2=CC(=CC=C2)Br)OC)N3CCCC3,Active,30,,,,,,,0.19,3338,5.0152,236.58
112,17505785,5988949,CN1C=C(C2=CC=CC=C21)/C=C\3/C(=O)N(C(=S)S3)NC(=O)C4=CC=CC=C4Cl,Inactive,41,,,=,13.9,0.485,1.72,-0.24,3738,5.1789,113.42
113,14730774,2935317,CN(C)CCOC1=C(C=CC=C1OC)OC.C(=O)(C(=O)O)O,Inactive,0,,,,,,,-0.33,3361,5.1338,88.052
114,17507787,12004702,CC[N+]1=C(SC2=C1C=CC(=C2)OC)/C=C/C=C/N(C3=CC=CC=C3)C(=O)C.[I-],Active,30,,,,,,,7.8,111,3.6786,2411.1
115,26731308,2803154,CC1=CC(=C(C(=C1)CC(C)(C)C(=O)O)C(=O)O)C,Inactive,0,,,,,,,-0.33,3280,5.1474,88.031
116,17504648,999758,CCN1CCC2=C(C1)SC(=C2C(=O)N)NC(=O)NC3=CC(=C(C=C3)Cl)Cl,Active,30,,,,,,,8.59,1911,5.1796,2636.9
117,26729878,9583973,C1=CC=C(C=C1)C2=NC3=C(C(=C2)C4=CC=CO4)C(=C(O3)C(=O)N/N=C/C5=CN=CC=C5)N,Inconclusive,15,,,,,,,-0.2,2845,5.4454,124.65
118,17516328,6031948,CN(C)C1=CC=C(C=C1)/C=C/C2=NC3=CC(=C(C=C3S2)SC)OC,Active,30,,,,,,,0.29,2897,5.1761,266.46
119,17511366,4112850,CCOC1=CC=C(C=C1)NC(=S)N2CCC(CC2)N(C)CC3CCCO3,Inactive,0,,,,,,,-0.33,2898,5.1091,88.531
120,22409753,3517787,C1CCN(CC1)C2=CC3=CC(=C(C#N)C#N)CCC3CC2,Active,30,,,,,,,3,3019,5.2071,1040.4
121,14736730,2201553,C1CCCN(CC1)C2=CC=C(O2)/C=C(/C#N)\C3=CC=C(C=C3)Cl,Active,30,,,,,,,0.94,277,4.1437,450.93
122,4247755,711929,CC1(CC2=CC(=C(C=C2C3=NN=CN31)OC)OC)C,Inactive,0,,,,,,,-0.32,3224,5.1154,90.59
123,4257305,826930,CC(C)(C)C1=NC=CC(=C1)C(=O)NCC2=CN=CC=C2,Inactive,0,,,,,,,-0.33,3446,5.0534,88.567
124,842752,645027,C1CCC(C1)NC(=O)C2=C(C3=C(S2)N=C(C=C3)C4=CC=CS4)N,Inactive,0,,,,,,,-0.31,2457,5.1477,93.245
125,4250321,3244152,C1CCCN(CC1)CCCNC(=O)C2CC(=O)N(C2)C3CCCC3,Inactive,0,,,,,,,-0.33,3263,5.1406,89.769
126,4247872,3242023,CCOC(=O)N1CCN(CC1)C(=O)C2=CC(=CN2C)S(=O)(=O)N3CCCC3,Inactive,0,,,,,,,-0.33,3252,5.0525,88.98
127,4245497,3239962,C1CCN(C1)S(=O)(=O)N2CCC(CC2)C(=O)NCC3CCCO3,Inactive,0,,,,,,,-0.33,3186,5.1077,88.99
128,22409121,2452200,CC1=C(C(=NN1C2=CC=CC=C2)C)NC(=O)CCl,Inactive,0,,,,,,,-0.33,1911,5.3185,89.405
129,853147,655798,CC1=CC(=NN1C2=NN=C(C=C2)OCC(=O)O)C,Inactive,0,,,,,,,-0.33,3401,5.1825,87.696
130,4262208,801655,C1CN(C(=N1)C2=CC=CC=C2)C(=O)COC3=CC=CC=C3,Inactive,0,,,,,,,-0.33,3188,5.1179,87.997
131,4248116,3242232,CCN1C=C(C(=O)C2=C1C=CC(=C2)S(=O)(=O)N(C)C)C(=O)NCCN(C)CCC3=CC=CC=C3,Inactive,0,,,,,,,-0.33,3356,5.1375,88.022
132,14736639,1358138,C1=CC(=CC=C1CN=CC2=C(C3=C(N2)C=CC(=C3Cl)Br)O)F,Inactive,0,,,,,,,-0.31,3308,5.1604,95.654
133,14737591,5056774,CC1CCN(CC1)C(=O)CNS(=O)(=O)C2=CC=C(S2)Br,Inactive,0,,,,,,,-0.33,3289,5.1396,88.849
134,24815500,2136882,COC1=C(C=C2C(=C1)C3=NN=C(C3=CN2CC4=CC=CC=C4F)C5=CC=CC=C5)OC,Active,30,,,,,,,3.78,770,5.32,1261.6
135,17413199,2237144,CCOC1=C(C=C(C(=C1)C)S(=O)(=O)NC2=CC3=C(C=C2)C=NN3)C,Inactive,0,,,,,,,-0.33,1549,5.1098,90.182
136,7975756,2855537,CC1=CC=C(O1)C2CC(=O)NC(=C2C#N)SCC3=CC=CC=C3,Inactive,0,,,,,,,-0.33,3272,5.2912,88.002
137,7973674,198996,COC1=CC=CC(=C1)N2CCN(CC2)C3=NC=CC=N3,Inactive,0,,,,,,,-0.33,3233,5.1459,88.5
138,17506379,5347412,CN1CCN(CC1)C(=O)/C(=C\C2=CC=CS2)/NC(=O)C3=CC=CS3,Inactive,0,,,,,,,-0.33,3066,5.1479,87.883
139,4243312,571251,C1CC1C2=NC(=C(C(=C2)C3=CC=CO3)C#N)SCC(=O)C4=CC=CC=C4,Inactive,0,,,,,,,-0.27,3094,5.205,106.94
140,22410881,2090062,C1COCCN1S(=O)(=O)C2=CC=C(C=C2)N=NC3=C(N=C(S3)N)C4=CC=C(C=C4)Cl,Inactive,0,,,,,,,-0.32,2993,5.0657,90.852
141,859329,660633,CC1=C(C(N2C(=NC=N2)N1)C3=C(C=C(C=C3)Cl)Cl)C(=O)C,Inactive,0,,,,,,,-0.33,3273,5.1716,88.826
142,17511613,4594104,C1=CC=C(C=C1)C(=O)C2=NN(C3C2C(=O)N(C3=O)C4=CC(=CC=C4)Cl)C5=CC=CC=C5,Inactive,0,,,,,,,-0.32,3141,5.2657,91.344
143,7975154,3769234,CC1=CC(=NC(=C1C#N)SCC2COC3=CC=CC=C3O2)C,Inactive,0,,,,,,,-0.33,3672,5.1446,88.62
144,14744825,399112,C1=CC=C2C(=C1)C=CC3=C2C=C(C(=O)O3)C4=NN=C(S4)N,Inactive,0,,,,,,,-0.23,2512,5.7286,118.55
145,7973416,6859195,CC1=CC(=C(N1C2=CC=CC(=C2)C(=O)O)C)/C=N/N3C=NN=C3,Inactive,0,,,,,,,-0.33,2958,5.0497,89.35
146,17386991,990758,COC(=O)C1=CC2=C(C=C3C=CC=CN3C2=C1C(=O)OC)C4=CC=CC=C4,Inactive,0,,,,,,,-0.23,2880,5.2386,118.15
147,26671289,1353238,CN1C2=C3C(=C(C=C2)Br)C(=O)C4=CC=CC=C4C3=C(C1=O)N,Active,30,,,,,,,0.12,3207,5.1619,217.85
148,22400427,1227645,CN1CCN(CC1)C2=CC=C(O2)/C=C/3\C(=O)NC(=S)N(C3=O)C4=CC(=CC=C4)Br,Inactive,0,,,,,,,-0.26,3265,5.2989,109.76
149,26659774,1209895,CCN(CC)C1=CC=C(O1)/C=C\2/C(=O)N(C(=O)S2)C(C)C,Active,30,,,,,,,0.48,941,5.6209,320.65
150,14737521,3315762,COC(CNC(=O)C1=CC=C(C=C1)CN2C(=O)C3=CC4=C(C=C3NC2=S)OCO4)OC,Inactive,0,,,,,,,-0.33,3338,5.1625,88.064
151,17412468,1352154,CC1=CC(=NC=C1)N/C=C(\C#N)/C2=NC(=CS2)C3=CC(=CC=C3)Br,Active,56,,,=,8.87,0.377,2.26,-0.08,2881,5.2878,160.71
152,24789529,1988602,C1=CC(=CC(=C1)O)C(=O)NNC(=O)CCN2C(=O)/C(=C/C3=CC=CS3)/SC2=S,Inactive,0,,,,,,,-0.33,3194,5.3066,88.895
153,17403537,1918048,C1COCCN1C2=CC=C(O2)/C=C(/C#N)\C3=CC=C(C=C3)Cl,Active,57,,,=,7.31,0.319,2.68,0.03,1323,5.3188,190.95
154,4259984,1179061,CCOC(=O)C1=CC=C(C=C1)CSC2=NN=C(N2N)C3=CC=NC=C3,Inactive,0,,,,,,,-0.33,3109,5.1671,88.55
155,17401132,9512005,C1COCCN1C2=CC=C(O2)/C=C\3/C(=O)N(C(=NC4=CC=CC=C4)S3)CCC5=CNC6=CC=CC=C65,Active,30,,,,,,,2.67,192,3.5952,945.96
156,4262485,2982568,CC1CCCC(C1=O)C2(C3=CC=CC=C3NC2=O)O,Inactive,0,,,,,,,-0.33,3181,5.1178,87.607
157,14743548,1911050,CCCCCCN1C=CC(=C/C=C(\C#N)/C(=O)OCC)C=C1,Active,30,,,,,,,0.43,3269,5.1851,305.68
158,7966714,5308399,CC1=CSC(=N1)NC(=O)CN(C)S(=O)(=O)C2=CC=CC3=C2N=CC=C3,Inactive,0,,,,,,,-0.33,3253,5.2384,87.63
159,4246519,3240857,CCCN1CC=C2C(C1)C(C(C(=C2C#N)N)(C#N)C#N)C3=C(C(=CC=C3)OC)OC,Active,30,,,,,,,0.21,3053,5.1614,243.48
160,17407648,802293,C1COCCN1C2=CC=C(O2)/C=C(\C#N)/C3=CC=CC=C3,Inactive,41,,,>,16,,,-0.28,2131,5.4269,103.48
161,3714706,618401,CCN1C2=CC=CC=C2C3=C1N=C(N=N3)SCC(=O)NC4=NOC(=C4)C,Inactive,0,,,,,,,-0.33,3098,5.2476,88.959
162,26662708,1910761,CC1=C/C(=C\C=C(C#N)C#N)/N(C2=CC=CC=C12)C,Active,59,,,=,3.23,0.223,4.62,-0.16,3122,5.2197,137.44
163,14742412,3804843,CN1CC=C2C(C1)C(C(C(=C2C#N)N)(C#N)C#N)C3=CSC=C3,Inactive,41,,,>,16,,,-0.21,2404,5.1299,124.49
164,26726857,2801209,CCOC(=O)C1=NN(C(=N)C(=C1C)C#N)C2=C(C=C(C=C2)Cl)Cl,Active,30,,,,,,,0.25,2788,5.2977,253.12
165,14724104,785832,C1CCN(C1)C(=O)C2=CC3=C(C=C2)OCO3,Inactive,0,,,,,,,-0.33,2957,5.2153,88.683
166,17432412,135421491,CC1=C(C2=CC=CC=C2N1)/C=N/NC3=CC=C(C=C3)[N+](=O)[O-],Active,30,,,,,,,0.2,1596,4.6843,239.14
167,865306,666560,CC1=CC=C(C=C1)N2C(=NC3=C(C2=O)C(=O)C4=CC=CC=C4O3)C,Inactive,0,,,,,,,-0.33,3183,5.1202,89.865
168,7974574,2862213,CC1=C(C(C(=C(N1)SCC(=O)C2=CC(=C(C=C2)Cl)Cl)C#N)C3=CC=CO3)C(=O)C,Inconclusive,15,,,,,,,-0.18,1621,5.2274,130.23
169,7977150,94381,CCN(CC)C1=CC2=C(C=C1)C=C(C(=O)O2)C3=NC4=CC=CC=C4N3,Active,30,,,,,,,5.37,1678,5.247,1717.9
170,17431924,5727759,C1=CC=C2C(=C1)C(=CN2CC3=CC=C(C=C3)F)/C=N/NC4=NC=C(C=C4)[N+](=O)[O-],Inconclusive,15,,,,,,,-0.21,2490,5.299,121.83
171,4259136,2981009,C1CC(OC1)CN2C(=NNC2=S)C3=CC=CC=C3,Inactive,0,,,,,,,-0.33,3253,5.0749,87.525
172,22406207,9670293,COC1=CC=CC=C1NS(=O)(=O)C2=C(C=CC(=C2)[N+](=O)[O-])N/N=C/C3=C(N=C(S3)N4CCOCC4)C5=CC=CC=C5,Active,30,,,,,,,0.22,2552,4.9549,246.45
173,17432537,5732023,C1=CC=C2C(=C1)N=C(S2)/C(=C\C3=CC=C(O3)C4=CC=C(C=C4)S(=O)(=O)N)/C#N,Active,30,,,,,,,1.86,1681,5.3439,714.93
174,860525,661810,CC(=O)C1=C(C2=C(S1)N=C(C=C2C(F)(F)F)C3=CC=CS3)N,Active,30,,,,,,,0.17,3264,5.2469,230.63
175,17508733,1842588,C1CCN(CC1)C2=CC=C(O2)/C=C(/C#N)\C(=O)NCCC3=CNC4=CC=CC=C43,Active,30,,,,,,,0.47,3407,5.081,318.43
176,848038,650462,CN1C2=CC=CC3=C2C(=C(C1=O)NCCO)C4=CC=CC=C4C3=O,Active,30,,,,,,,0.39,3359,5.1189,294.49
177,17515518,4620544,C1COCCN1C2=C3C=CC=C4C3=C(C=C2)C(=O)N(C4=O)CCOC(=O)C5=C(C=C(C=C5)Cl)Cl,Active,57,,,=,6.84,0.553,3.22,-0.04,1686,5.6871,172.92
178,17433829,2937970,CCCN1C(=O)C2=C3C(=C(C=C2)N4CCCCC4)C=CC=C3C1=O,Active,30,,,,,,,0.28,3296,5.1517,263.76
179,14726646,5768671,CC1=CC2=C(C=C1)N=C(N2)/C(=C\C3=CC=C(O3)N4CCOCC4)/C#N,Active,30,,,,,,,0.7,2685,5.1311,382.19
180,26667070,87935,CCCCNC1=C2C=CC=C3C2=C(C=C1)C(=O)N(C3=O)CCCC,Active,30,,,,,,,3.41,2718,5.1763,1155.9
181,850657,653187,C1CCN(CC1)C2=NC=C(C=C2)C(=O)NCC3=CC=CS3,Inactive,0,,,,,,,-0.33,2758,5.1759,88.207
182,24822061,3528489,CN(C)S(=O)(=O)OC1=CC=CC(=C1)C(=O)NC2=CC=C(C=C2)[N+](=O)[O-],Inactive,0,,,,,,,-0.33,2457,5.4044,87.664
183,17415424,5338727,C1CCC(CC1)C(=O)O/N=C(/C2=CC(=CC=C2)[N+](=O)[O-])\N,Inactive,0,,,,,,,-0.33,3092,5.1445,88.325
184,22402521,4192032,C=CCN1C2=C(C=C(C=C2)S(=O)(=O)N)SC1=NC(=O)C3=CC(=NC4=CC=CC=C43)C5=CC=CS5,Inactive,0,,,,,,,-0.33,2770,5.2486,88.023
185,14735237,5195118,CCN1C(=O)CSC2=C1C=C(C=C2)C(=O)NCC3=CC=CC=C3OC,Inactive,0,,,,,,,-0.33,2980,5.005,89.085
186,24826902,170158,CC1=CC(=C(C=C1)NC(=O)CCl)C,Inactive,0,,,,,,,-0.33,2480,5.1922,88.361
187,22416456,2163005,COCCNC(=O)CC1=CC=C(C=C1)F,Inactive,0,,,,,,,-0.33,2815,5.0211,89.004
188,4242296,3237171,CC1=C(C=C(C=C1)NC(=O)CCN2C=CC=C2)Cl,Inactive,0,,,,,,,-0.33,3193,5.1619,88.882
189,24837352,4664437,CCC(C1=CC=CC=C1)C(=O)OCC(=O)NC2=CC(=CC=C2)S(=O)(=O)NC3=NCCCCC3,Inactive,0,,,,,,,-0.33,3083,5.1016,87.431
190,17388077,2252798,C1=CSC(=C1)C2=NC3=C(C(=C2)C(F)(F)F)C(=C(S3)C(=O)NC4=NC=CS4)N,Active,30,,,,,,,0.39,2941,5.1598,295.71
191,24798269,1304074,C1CCN(CC1)C2=C3C=CC=C4C3=C(C=C2)C(=O)N(C4=O)C5=CC=CC=C5O,Inactive,41,,,=,15.3,0.505,1.38,-0.16,3143,5.1353,136.11
192,17414907,2951212,CCCNC1=C(C2=NC3=CC=CC=C3C(=C2C(=C1F)F)C)F,Inactive,41,,,=,10.9,0.299,1.46,-0.14,3139,5.2361,142.92
193,4250673,712013,CC1=CC(=C(S1)C)S(=O)(=O)NC2CCCCC2,Inactive,0,,,,,,,-0.33,3420,5.1335,87.948
194,17416108,2274766,C1COCCN1C2=CC=C(O2)/C=C(/C#N)\C3=CC=C(C=C3)Br,Active,30,,,,,,,0.24,555,5.2388,250.59
195,7973021,2296299,C=CCNC(=O)C1CCN(CC1)S(=O)(=O)C2=CC=C(C=C2)Br,Inactive,0,,,,,,,-0.33,3230,5.1778,87.603
196,14729983,5524310,CC1=CC=C(C=C1)N/C=C/C2=C(C(=NS2)SC)C#N,Inconclusive,15,,,,,,,-0.18,2955,5.108,132.2
197,849948,652458,COC(=O)C1=C2N=C(C=C(N2N=C1)C(F)(F)F)C3=CC=C(C=C3)F,Inactive,0,,,,,,,-0.33,2975,5.2472,88.18
198,14722888,2792869,CC1CCC2=C(C1)SC3=C2C(=O)NN=N3,Inactive,0,,,,,,,-0.33,2752,5.072,87.896
199,14724300,776361,CCNC1=C2C3=C(C4=CC=CC=C4C2=O)ON=C3C=C1,Inconclusive,15,,,,,,,-0.2,2885,5.027,127.17
200,4248521,3242588,CC1=C(C(=NO1)C)S(=O)(=O)N2CCC(CC2)C(=O)N3CCN(CC3)C4CCCC4,Inactive,0,,,,,,,-0.33,2762,5.0336,88.489
201,14741605,1880983,CCCN1C(=O)/C(=C/C2=C(N=C3C(=CC=CN3C2=O)C)NCCCOC(C)C)/SC1=S,Inactive,41,,,>,16,,,-0.33,2786,5.165,88.518
202,24803103,5718631,CCN1/C(=C/C=C/C2=[N+](C3=C(O2)C=CC4=CC=CC=C43)CC)/OC5=C1C6=CC=CC=C6C=C5.CC1=CC=C(C=C1)S(=O)(=O)[O-],Active,30,,,,,,,1.7,330,3.4911,669.58
203,4241658,3236603,CC1=C(C(=O)N2C(=N1)C(=CN2)C(=O)OC)CC3=CC=C(C=C3)F,Inactive,0,,,,,,,-0.33,2949,5.0867,87.833
204,26728304,2816883,C1CCN(CC1)CCSC2=C3C(=C(SC3=NS2)C(=O)C4=CC=CS4)N,Active,30,,,,,,,0.3,2928,5.2702,267.88
205,4242668,3237493,CC1=C(C(=O)N2C(=N1)C(=CN2)C(=O)OC)CC3=C(C=C(C=C3)F)Cl,Inactive,0,,,,,,,-0.33,3096,5.1943,87.95
206,4265471,2193273,CC1=C2C(=C(C=C1)N3C(=O)C4=C5C(=C(C=C4)N6CCN(CC6)C)C=CC=C5C3=O)C=CC=N2,Active,30,,,,,,,0.07,1802,5.2359,204.19
207,17407486,11958690,CCCN1C(=C2C=CC(=CC2=N1)C(=O)NCC3=CC=CC=C3)OCC,Inactive,0,,,,,,,-0.33,3341,5.0912,88.16
208,7971987,2180478,C1=CC=C(C=C1)C(=O)COC(=O)CNC(=O)C2=CC=CO2,Inactive,0,,,,,,,-0.33,3185,5.0483,89.032
209,24790280,688937,CCN(CC)C1=CC2=C(C=C1)C=C(C(=O)O2)C#N,Inactive,0,,,,,,,-0.32,3392,5.1245,91.58
210,17415766,135492256,CC(C)C1C(=O)N/C(=N\N=C\C2=CC=CO2)/S1,Inactive,0,,,,,,,-0.33,3155,5.1509,87.693
211,24821894,2765901,CS(=O)(=O)ON=C1CCN(CC1)S(=O)(=O)C2=CC=CC=C2,Inactive,0,,,,,,,-0.33,3403,5.0812,88.434
212,862708,663940,CCN(CC)CCN1C(C2=C(C1=O)OC3=CC=CC=C3C2=O)C4=CC=CC=C4,Inactive,0,,,,,,,-0.33,3333,5.182,88.289
213,26728219,2816888,C1CCN(C1)CCSC2=C3C(=C(SC3=NS2)C(=O)C4=CC=CC=C4)N,Active,57,,,=,7.98,0.409,2.58,0.06,2209,5.163,199.82
214,7973130,1117945,CC1=C(C=C(C=C1)S(=O)(=O)C2=CC(=CC=C2)S(=O)(=O)N3CCCC3)S(=O)(=O)N4CCCC4,Inactive,0,,,,,,,-0.33,2358,5.1528,87.65
215,24785466,2189900,COCCN1C(=O)/C(=C/C2=CC=C(C=C2)N3CCCC3)/SC1=S,Active,56,,,=,9.79,1.24,0.986,-0.01,3332,5.1542,181.17
216,14738640,9551514,COC1=CC=C(C=C1)OCCN2C=C(C3=CC=CC=C32)/C(=N/O)/N,Inactive,0,,,,,,,-0.33,2927,5.3052,88.394
217,863500,5389882,CC1(C2=CC=CC=C2N3C1(NC(=O)C3)/C=C/C4=CC=CO4)C,Inactive,0,,,,,,,-0.33,2979,5.19,89.611
218,4244747,3239303,CC1(CC(=O)N(C2=CC=CC=C2S1(=O)=O)CC(=O)NCCCN(C)C3CCCCC3)C,Inactive,0,,,,,,,-0.33,3029,5.0728,88.844
219,3716434,2999615,C1CC(OC1)CNC(=O)COC(=O)C2=C(C=CC(=C2)S(=O)(=O)N3CCOCC3)O,Inactive,0,,,,,,,-0.33,3080,5.0886,88.265
220,17401923,135510955,COC1=CC=C(C=C1)CN=CC2=C(C3=C(N2)C=CC(=C3Cl)Br)O,Inactive,41,,,>,16,,,-0.24,3154,5.1204,114.36
221,24797281,1026494,CC(C)(C)C1=CC=C(C=C1)OCC(=O)NC2=C3C=CC=C4C3=C(C=C2)C(=O)NC4=O,Inactive,0,,,,,,,-0.31,2486,5.4582,95.431
222,4248673,5293405,CN(C)C1=NC(=NC(=N1)N)/C(=C/C2CC3CC2C=C3)/C#N,Inactive,0,,,,,,,-0.33,2779,5.2189,88.335
223,17509520,11835308,C1CCCN(CC1)CC(CN2C=C(C3=CC=CC=C32)/C=C/C(=O)C4=CC=CS4)O,Inconclusive,15,,,,,,,-0.19,1520,5.1527,127.6
224,14745476,4531146,CC1CCCC(C1C)NC(=O)COC(=O)CC2CCCC2,Inactive,0,,,,,,,-0.33,3070,5.1046,87.959
225,17509276,12004767,CC(C)/C=C/1\CC/C(=C\C2=CC=C(C=C2)N(C)C)/C1=O,Active,56,,,=,9.45,0.468,2.31,-0.17,2854,5.2056,134.06
226,14727071,1096252,CC1(CC2=C(CO1)C(=NC3=C2C(=C(S3)C4=CC=C(O4)C(=O)NC)N)N5CCOCC5)C,Inactive,0,,,,,,,-0.33,2286,5.4121,88.374
227,7969821,2145362,COC1=CC=CC2=C1C=CN(C2=O)CC(=O)NC3=CC(=CC=C3)F,Inactive,0,,,,,,,-0.33,3116,5.0848,88.231
228,14744028,135486489,CCCC1=CC(=O)NC(=N1)SCC(=O)NCCCC(=O)OCC,Inactive,0,,,,,,,-0.33,3044,5.1993,88.311
229,24809167,6491422,CN1C2=C(C=C(C=C2)NC(=O)COC3=CC=C(C=C3)Cl)N(C1=O)C,Inactive,0,,,,,,,-0.33,3006,5.182,88.026
230,24818357,855474,CC1=C2C(=CC=C1)C=C(C(=N2)SCC(=O)NC3=NON=C3C)C#N,Active,56,,,=,9.41,0.313,1.88,-0.01,3266,5.3991,181.35
231,17509253,3700615,COC1=CCC2(CC1(CN(C2)CCO)[N+](=O)[O-])[N+](=O)[O-],Inactive,0,,,,,,,-0.33,3445,5.0236,89.68
232,24788198,891056,CC1=C(C=CC(=C1)/C=C\2/C(=O)N(C(=S)N2C)C)N3CCCC3,Active,59,,,=,3.02,0.194,1.16,-0.02,2677,5.5735,177.9
233,4248491,3242560,C1CC(CN(C1)S(=O)(=O)C2=CN=CC=C2)C(=O)NCC3=CC=C(C=C3)F,Inactive,0,,,,,,,-0.33,3072,5.0187,88.109
234,24806411,9591202,C1COCCN1C2=NC(=NC(=N2)N/N=C/C3=CC=C(O3)C4=CC=C(C=C4)[N+](=O)[O-])NCC5=CC=CC=C5,Inconclusive,15,,,,,,,-0.14,257,3.5843,143.38
235,14738608,4053114,CC(=O)C1=C2C3=C(C=CC=C3N(C=N2)C)C=C1,Inactive,0,,,,,,,-0.23,3227,5.0404,117.51
236,24820791,5767632,CCN\1C2=CC=CC=C2S/C1=C\C3=CC=[N+](C4=CC=CC=C34)CCCS(=O)(=O)[O-],Inactive,0,,,,,,,-0.24,1388,5.544,113.84
237,24825143,6028554,C1=CC2=C(C=CC3=C2C(=C1)C(=O)N(C3=O)CC4=CC=CO4)O,Inactive,41,,,=,14.6,0.599,2.01,-0.29,2848,5.1066,101.36
238,14743124,135512347,CN(C)C1=CC=C(C=C1)/C=C\2/C(=NC3=CC=C(C=C3)OC)NC(=O)S2,Inactive,0,,,,,,,-0.25,2872,5.0604,110.86
239,863877,665129,CN(CC(=O)NC1=C(NC2=C1C(=CC=C2)Cl)C(=O)OC)C3CCCCC3,Inactive,0,,,,,,,-0.33,3282,5.1759,88.276
240,7973447,3107433,CC(=O)OCC(C)(C1CC2=C(C3=CC=CC=C3N=C2O1)OC)O,Inactive,0,,,,,,,-0.33,2831,5.1478,88.096
241,24824320,16195711,CC(C)N1CCC2=C(C1)SC(=C2C(=O)N)NC(=O)C3=CC4=C(S3)C=CC(=C4)[N+](=O)[O-].Cl,Inactive,0,,,,,,,-0.23,177,3.7688,116.57
242,4258385,2772453,CCCCN1C2=CC=CC=C2N=C1SCC(=O)O,Inactive,0,,,,,,,-0.33,2833,5.0467,88.631
243,852857,655504,CCN1CC=C2C(C1)C(C(C(=C2C#N)N)(C#N)C#N)C3=C(C=CC(=C3)Cl)Cl,Inactive,41,,,=,12.8,0.446,2.36,-0.07,2980,5.0947,161.81
244,17514011,5936070,CC1=CC=C(C=C1)C2=C(SC(=N2)/C(=C/C3=CC(=C(C=C3)Cl)Cl)/C#N)NC(=O)C,Active,30,,,,,,,1.08,2881,5.2008,490.11
245,850838,2923851,CC1(CC(CC(N1)(C)C)NC(=O)CC2=CC=CC=C2OC)C.Cl,Inactive,0,,,,,,,-0.33,2939,5.1187,88.328
246,24805089,1922517,COC1=CC=C(C=C1)NC(=O)/C(=C\C2=CC=C(O2)N3CCOCC3)/C#N,Inactive,41,,,=,11.6,0.599,1.38,-0.08,3272,5.1885,159.22
247,4248390,135399314,C1=CC=C(C=C1)CN=C2C(=CC3=C(O2)C=C(C=C3)O)C(=O)N,Inactive,0,,,,,,,-0.33,3138,5.134,89.584
248,24810926,16193244,C1COCCN1C2=CC=C(O2)/C=C\3/C(=O)N(C(=O)S3)C4=CC=CC=C4,Inactive,41,,,>,16,,,-0.06,1057,5.2525,165.96
249,14740455,551032,CN1CCN(CC1)C(=O)CC2=CC=C(C=C2)OC,Inactive,0,,,,,,,-0.33,3123,5.0819,88.152
250,844451,94464,C1=CC2=C(C(=C1)S(=O)(=O)N)N=CC=C2,Inactive,0,,,,,,,-0.33,3059,5.18,88.283
251,851162,653723,COC1=CC=C(C=C1)C2=NN(N=N2)CC(=O)N(CCO)C(C3=CC=C(C=C3)F)C(=O)NC4CCCC4,Inactive,0,,,,,,,-0.33,3204,5.0188,88.244
252,17410038,1473620,CC(=O)C1=C(OC(=O)C(=C1)NC(=O)C2=CC=C(C=C2)Cl)/C=C/N(C)C,Active,56,,,=,9.14,0.518,3,-0.18,2845,5.3459,132.01
253,14726672,5768597,C1COCCN1C2=CC=C(O2)/C=C(/C#N)\C3=NC4=CC=CC=C4N3,Active,30,,,,,,,0.11,2965,5.1999,214.89
254,17414950,1331044,CC1=CC(=C(N1C2CC2)C)/C=C\3/C(=O)NC(=S)S3,Inactive,0,,,,,,,-0.3,3037,5.0795,97.595
255,17388527,1781630,CCCSC1=NC2=C(C3=C(S2)CN(CC3)CC4=CC=CC=C4)C(=O)N1,Inactive,0,,,,,,,-0.3,3162,5.0777,96.169
256,856954,658314,CCN(CC)C1=CC2=C(C=C1)C=C(C(=O)O2)C(=O)NC3=CC=CC=N3,Active,58,,,=,5.37,0.216,1.73,-0.23,3077,5.1343,118.43
257,22413739,990301,C=CCN1C(=NNC1=S)C2=C(C3=C(O2)N=C(C=C3C4=CC=CC=C4)C5=CC=CC=C5)N,Inactive,0,,,,,,,-0.33,2822,5.1087,89.063
258,864292,665539,CC1=C2C(=O)C=CC3=C(C2=C(O1)C)OC(=C(C3C4=CC=C(C=C4)F)C#N)N,Inactive,41,,,>,16,,,-0.31,2883,5.1152,94.421
259,17506459,2886623,CCN(CC)C1=CC=C(C=C1)C=C(C2=NN=NN2C3=CC=CC=C3)C4=NN=NN4C5=CC=CC=C5,Inactive,0,,,,,,,-0.26,2373,4.8886,109.49
260,24807803,5761538,CCCN1C(=O)/C(=C\C=C\2/C(C3=CC=CC=C3N2CC)(C)C)/SC1=S,Active,57,,,=,7.93,0.232,1.7,-0.04,2901,5.0848,170.62
261,3712798,2998169,CCS(=O)(=O)N1CC2=CC=CC=C2CC1C(=O)OCC(=O)NC3=CC=C(C=C3)C,Inactive,0,,,,,,,-0.33,3151,5.0796,88.042
262,3716198,2319946,C1=CC=C2C(=C1)N=C(S2)SCC3=CSC(=N3)CC#N,Inactive,0,,,,,,,-0.32,2980,5.1521,91.614
263,4243414,3238139,C1CCN(C1)CCNC(=O)C2(CC2)S(=O)(=O)C3=CC=C(C=C3)Cl,Inactive,0,,,,,,,-0.33,2855,5.0759,89.904
264,17408422,2301821,CC1=CC=C(C=C1)/C(=C\C2=CC=C(O2)N3CCOCC3)/C#N,Inactive,41,,,=,10.3,0.554,1.66,-0.15,1114,5.5921,139.02
265,4246703,3241011,CCN(CC)CCN1C(=O)C2=C(C=CC(=C2)Cl)NC1=S,Inactive,0,,,,,,,-0.33,2887,5.1434,88.126
266,26666765,247251,C1=CC(=CC=C1C2=NC3=C(N=C(N=C3N=C2C4=CC=C(C=C4)N)N)N)N,Inactive,0,,,,,,,-0.32,2977,5.2685,90.813
267,14723186,967565,CN(C)C(=O)CN(C1=CC2=C(C=C1)OCO2)S(=O)(=O)C,Inactive,0,,,,,,,-0.33,2878,5.1968,87.846
268,14741249,1885415,CC1=CC=CN2C1=NC(=C(C2=O)/C=C\3/C(=O)N(C(=S)S3)CC(C)C)NCCCOC(C)C,Inactive,41,,,>,16,,,-0.33,2812,5.1069,87.535
269,856291,657666,CN1CC=C2C(C1)C(C(C(=C2C#N)N)(C#N)C#N)C3=CC=NC=C3,Inactive,41,,,=,14.8,1.07,1.62,-0.31,2849,5.22,95.012
270,7965028,4476802,C1C2(C(C3=CC=CC=C3OC2=O)C4=C(S1)NC(=O)S4)CC(=O)O,Inactive,0,,,,,,,-0.33,3022,5.1779,87.459
271,859369,660669,C1C=C2[C@H](CN1CC3=CC=CC=C3)[C@H](C(C(=C2C#N)N)(C#N)C#N)C4=COC=C4,Inactive,41,,,=,10.3,0.314,2.45,-0.12,2633,5.4118,150.07
272,24805134,798427,CCN(CC)C1=CC=C(O1)/C=C(/C#N)\C(=O)NC(C)C,Inactive,41,,,=,14.2,1.04,1.42,-0.27,3081,5.1885,107.09
273,14730433,9550040,CCO.CN1CC=C2[C@H](C1)[C@H](C(C(=C2C#N)N)(C#N)C#N)C3=COC=C3,Inactive,41,,,>,16,,,-0.28,1694,5.8788,101.94
274,24810986,6511153,CCCN1C(=O)/C(=C/C2=CC=C(O2)N3CCOCC3)/SC1=O,Inactive,41,,,>,16,,,-0.15,194,3.8096,140.68
275,7976989,700365,C1C/C(=C\C2=NC3=CC=CC=C3N2)/C(=C1)N4CCOCC4,Inactive,0,,,,,,,-0.33,3036,5.2068,90.007
276,26725976,1977276,CN(C)C1=CC=C(C=C1)/C=C/2\C(=N)N3C4=C(C=C(C=C4)S(=O)(=O)C)SC3=NC2=O,Inactive,0,,,,,,,-0.29,2788,5.2122,99.129
277,16953619,2564905,CC1=CC(=C(C=C1)OC)NC(=O)COC(=O)C,Inactive,0,,,,,,,-0.33,3033,5.1334,88.495
278,26665871,3830309,C1=CC=C(C=C1)C2C(=C(C(=O)N2C3=NC=CS3)O)C(=O)C4=CC5=CC=CC=C5O4,Active,56,,,=,8.55,0.335,1.77,-0.17,2923,5.0188,134.96
279,26664108,6224717,CC(C1=CC=CC=C1)NC(=O)/C(=C\2/C3=CC=CC=C3C(=N2)NC(=O)C4=CC=CO4)/C#N,Inactive,0,,,,,,,-0.32,2761,5.1081,90.762
280,26662443,1808828,CN1C(=O)/C(=C/C2=CC(=C(C=C2OC)N3CCCC3)OC)/SC1=O,Active,30,,,,,,,0.27,2907,5.1097,259.39
281,24784284,6001289,COC1=CC(=C(C=C1)/C=C\2/C(=O)/C(=C/C3=C(C=C(C=C3)OC)OC)/CC2)OC,Active,57,,,=,6.73,0.425,1.86,-0.24,3089,5.2577,113.57
282,17506296,5333607,CCN(CC)C1=CC=C(C=C1)/C=C(\C#N)/C(=O)C2=CC=C(C=C2)Br,Active,58,,,=,5.14,0.364,1.28,0.03,2744,5.1588,190.64
283,26661621,135676016,C1=CC(=C(C=C1O)O)/C=N/NC2=C3C=CC(=CC3=NC=C2)Cl,Inactive,41,,,=,10.3,0.351,1.47,-0.08,1694,5.3708,159.19
284,17503782,3632466,CC1=CC(=CC(=C1)N=CC2=C(C3=C(N2)C=CC(=C3Cl)Br)O)C,Active,30,,,,,,,0.1,2816,5.229,212.09
285,17414514,1421692,CCC(=O)NC1=CC=C(C=C1)C(=O)OCC(=O)C2=CC(=C(C=C2)C)[N+](=O)[O-],Inactive,0,,,,,,,-0.33,2957,5.2144,87.73
286,24808096,5291133,C1=CC=C(C=C1)C2=CC3=C(C=C2)OC(=[N+]3CCCS(=O)(=O)[O-])/C=C\NC4=CC=CC=C4,Active,30,,,,,,,1.34,3115,5.2655,564.57
287,845144,647478,CC1=NC2=C(C(=O)O1)OC3=CC=CC=C32,Inactive,0,,,,,,,-0.33,3018,5.1286,87.841
288,22401657,1622396,CC1=CN2C(=N)/C(=C/C3=CC=C(O3)[N+](=O)[O-])/C(=O)N=C2S1,Active,30,,,,,,,0.75,348,3.7125,397.79
289,4251291,3244996,CC1CCN(CC1)S(=O)(=O)C2=CC3=C(C=C2)N(C=C(C3=O)C(=O)N4CCCCC4)C,Inactive,0,,,,,,,-0.33,2848,5.3199,88.024
290,17510191,12005117,CC1=C2C(=C(C(=C(C2=NC3=CC=CC=C13)F)NC(C)C)F)F,Active,56,,,=,9.12,0.222,2.37,-0.2,2553,5.0932,124.93
291,4249541,3243482,CCOC(=O)CNC(=O)C1=CN(C(=O)C2=CC(=C(C=C21)OC)OC)C,Inactive,0,,,,,,,-0.33,3172,5.2429,87.68
292,22415142,2176483,CCN\1C2=CC(=C(C=C2S/C1=C\C=C(\C(=O)C)/C(=O)OCC)OCC)OCC,Active,30,,,,,,,0.55,2792,5.4562,341.32
293,17385696,984403,COC1=CC(=CC=C1)S(=O)(=O)NCC2=CC=C(C=C2)C(=O)NC3=CC(=C(C=C3)Cl)Cl,Inactive,0,,,,,,,-0.33,2576,5.3552,87.849
294,24805157,5727752,C1COCCN1C2=CC=C(O2)/C=C(/C#N)\C(=O)NC3=CC=CC=C3,Active,57,,,=,6.7,0.334,2.21,-0.13,3083,5.1868,147.29
295,14743727,4965560,COC1=C(C=C2C(=C1)C3=CC=CC=C3O2)NC(=O)CN4CCN(CC4)S(=O)(=O)C5=CC=CC=C5F,Inactive,0,,,,,,,-0.33,3185,5.0687,87.822
296,22411635,1209894,CCN(CC)C1=CC=C(O1)/C=C/2\C(=O)N(C(=O)S2)C(C)C,Active,30,,,,,,,0.73,596,5.2083,392.08
297,3711927,2112806,CCC(=O)OCC(=O)C1=C(N(C(=O)N(C1=O)C)CC2=CC=CC=C2)N,Inactive,0,,,,,,,-0.33,2889,5.1599,88.02
298,3716541,2999658,CC1CCCC(N1C(=O)CSC2=NN=C(O2)C3=CC=CS3)C,Inactive,0,,,,,,,-0.33,2439,5.2816,88.303
299,26660217,135400446,C1=CC=C(C=C1)CN2C(=C(SC2=S)/C=C/C=C/C=NC3=CC=CC=C3)O,Inactive,0,,,,,,,-0.33,2736,5.198,89.925
300,14732770,5060152,CC1=CC=C(C=C1)CN=CC2=C(C3=C(N2)C=CC(=C3Cl)Br)O,Inactive,0,,,,,,,-0.33,2933,5.1418,89.532
301,26667024,339701,COC1=NC2=C(C=C1)NC3=NC4=CC=CC=C4N=C3S2,Active,57,,,=,6.69,0.233,1.81,0.01,3033,5.3811,185.35
302,26729879,9583974,COC1=CC=CC(=C1)/C=N/NC(=O)C2=C(C3=C(O2)N=C(C=C3C4=CC=CO4)C5=CC=CC=C5)N,Inactive,0,,,,,,,-0.32,3034,5.1884,91.692
303,7974664,3796447,CN(C)C=NC1=CC2=NN(N=C2C=C1)C3=CC=CC=C3,Inactive,0,,,,,,,-0.34,3050,5.2601,87.29
304,3711669,2997722,C1CSC(=N1)NC(=O)C2CC3=CC=CC=C3CN2C(=O)C4=CC=CC=C4,Inactive,0,,,,,,,-0.34,2678,5.1521,87.13
305,24808876,3223262,CC1=CC(=NC(=N1)N2CCC(CC2)C(=O)NC3=CC4=C(C=C3)OCCO4)C,Inactive,0,,,,,,,-0.33,2790,5.1623,88.229
306,14742141,1272770,CC(C)(C)C(=O)C1=C(C2=C(S1)N=C(C=C2C(F)(F)F)C3=CC=CS3)N,Inactive,0,,,,,,,-0.22,2736,5.3805,119.2
307,17387421,11948839,C1C(N(N=C1C2=CC=CO2)C3=CC=C(C=C3)[N+](=O)[O-])C4=CC=CC=C4,Active,57,,,=,6.38,0.294,1.61,-0.22,2843,5.2391,119.33
308,842402,644670,COC1=NC(=NC(=N1)N2CCC(CC2)C(=O)NCC3=CC=CS3)OC,Inactive,0,,,,,,,-0.33,2943,5.2025,87.48
309,26660979,16682159,CC1=C(N=C2N1N=C(C(=N2)C3=CC=CC=C3)C4=CC=CC=C4)C5=CC=C(C=C5)O.Br,Inactive,41,,,>,16,,,0,3195,5.371,182.37
310,843827,646132,CCN1CC=C2C(C1)C(C(=C(C2(C#N)C#N)N)C#N)C3=CC=C(S3)Cl,Inactive,41,,,=,11.5,0.532,2.35,-0.2,3016,5.3495,125.46
311,14732780,6623870,C1=CC2=NC(=CN2C=C1)CNC(=O)C3=CC=CO3,Inactive,0,,,,,,,-0.33,3104,5.1049,87.588
312,844624,646956,CCN1CC=C2C(C1)C(C(C(=C2C#N)N)(C#N)C#N)CCC3=CC=CC=C3,Active,56,,,=,9.3,0.492,2.83,-0.12,3155,5.4093,149.16
313,17414102,2936025,CN(C)CCOCCOC1=CC=CC=C1C2=CC=CC=C2.C(=O)(C(=O)O)O,Inactive,0,,,,,,,-0.33,3126,5.3707,87.63
314,853314,641401,C1COCCN1C2=NSN=C2OC3=CC=C(C=C3)Br,Inactive,0,,,,,,,-0.34,3273,5.2158,87.263
315,856881,658239,CN1CC=C2[C@H](C1)[C@H](C(C(=C2C#N)N)(C#N)C#N)C3=CC4=C(C(=C3)OC)OCO4,Active,56,,,=,9.32,0.516,2.32,-0.17,3072,5.2205,135.31
316,14729780,2228772,C1CCN(CC1)C2=CC=C(O2)/C=C(/C#N)\C3=CC(=CC=C3)F,Active,58,,,=,5.32,0.283,2.29,-0.08,1733,5.499,160.54
317,26663572,5924456,CCC(C)N1C(=O)/C(=C/C2=C(N=C3C(=CC=CN3C2=O)C)NCCCOCC)/SC1=S,Inactive,41,,,>,16,,,-0.16,2912,5.2846,136.24
318,14729843,2226950,COC1=CC(=C(C=C1/C=C(/C#N)\C2=CC(=CC=C2)F)OC)N3CCCC3,Active,57,,,=,6.47,0.322,1.47,-0.07,2906,4.9652,164.09
319,24809222,1135786,CC1=CC2=CC(=C(C=C2N3C1=NN=C3SCC(=O)NC4=NOC(=C4)C)OC)OC,Inactive,0,,,,,,,-0.33,2839,5.0878,87.985
320,14733653,2964982,CC(C1=NN=C(N1CC=C)SCCOC2=CC=C(C=C2)OC)NC(=O)CC3=CC=C(C=C3)OC,Inactive,0,,,,,,,-0.33,3139,5.1212,88.887
321,4250958,3244704,COC1=CC=C(C=C1)C2C=C(NC3=NC(=NN23)CCCO)C4=CC=CS4,Inactive,0,,,,,,,-0.38,2654,5.3221,89.241
322,24816256,16194859,C1CC(OC1)CNC(=O)CSC2=NN=C(C=C2)C3=CC=CC=C3,Inactive,0,,,,,,,-0.38,2969,5.2389,88.172
323,14742702,6297320,CCC(C)N1C(=O)/C(=C/C2=C(N=C3C(=CC=CN3C2=O)C)NCCCOC(C)C)/SC1=S,Active,30,,,,,,,1.19,2349,5.3283,364.81
324,26671512,1863779,CC1=CC=CN2C1=NC(=C(C2=O)/C=C\3/C(=O)NC(=S)S3)NCCCN4CCOCC4,Active,56,,,=,9.39,0.792,8.22,-0.24,2703,5.3409,113.21
325,14745121,2313748,CN(C)C1=CC=C(C=C1)/C=C\2/C(=O)N(C(=S)S2)NC3=C(C=C(C=N3)C(F)(F)F)Cl,Active,30,,,,,,,0.57,2526,5.2194,255.91
326,26658092,2323364,CN1/C(=C/C=C(C#N)C#N)/C=CC2=CC=CC=C21,Inactive,0,,,,,,,-0.35,2499,5.1132,93.288
327,24796396,3684350,CC1=CC(=C(C=C1)N=C(C)C2=C(C3=CC=CC=C3S2)O)C,Inactive,0,,,,,,,-0.3,2764,5.1433,103
328,26670689,2390020,C1=CC=C2C(=C1)C(=C(N(C2=O)C3=NC=CS3)O)C=NC4=CC=CC=C4O,Inactive,0,,,,,,,-0.35,2394,5.3507,94.138
329,24802285,3110506,CC(C(=O)NN=C1CCCCCC1)SC2=CC=CC=C2,Inactive,0,,,,,,,-0.39,2922,5.1963,87.343
330,24815104,54707106,CN(C)C1=CC=C(C=C1)/C=C/C(=O)C2=C(C3=CC=CC=C3OC2=O)O,Inactive,41,,,>,16,,,-0.21,3229,5.2791,117.81
331,17402454,1486733,C1=CC=C(C=C1)C2=NN=C(O2)C3=CC=CC=C3S(=O)(=O)CC4=CC=C(C=C4)Cl,Inactive,0,,,,,,,-0.39,3322,5.4756,86.962
332,24815291,2160545,CNC(=O)C1=C(SC2=C1CCN(C2)C)NC(=O)C3=CC=C(C=C3)S(=O)(=O)N4CCCC5=CC=CC=C54,Active,57,,,=,8.08,0.263,1.68,-0.06,3193,5.4197,145.22
333,17411195,1483022,C1=CC=C(C=C1)S(=O)(=O)NC2=CN(C(=O)C=C2)CC3=CC(=C(C=C3)Cl)Cl,Inactive,0,,,,,,,-0.38,3277,5.2312,87.63
334,17407661,5763546,CCN(CC)C1=CC(=C(C=C1)/C=C(/C#N)\C2=NC3=CC=CC=C3N2)OCC,Active,30,,,,,,,1.08,1866,5.1748,345.18
335,22412732,839760,COC1=CC(=C(C=C1/C=C/2\C(=O)NC(=S)N2)OC)N3CCCC3,Active,30,,,,,,,0.59,2938,5.2669,258.22
336,17414219,135472352,C1=CC=C2C(=C1)C(=CN2)/C=N/NC3=CC=C(C=C3)[N+](=O)[O-],Active,30,,,,,,,0.33,1201,5.0845,212.43
337,24825257,16195890,C1CC1[C@@H]2C[C@@H](OC(=C2)C(=O)N3CCN(CC3)CC4=CC=CC=C4)OCCCCO,Inactive,0,,,,,,,-0.38,2878,5.0742,88.197
338,17406772,11958375,CC1=CC(=C(C=C1)C)NC(=O)C(C)CC2COCCO2,Inactive,0,,,,,,,-0.38,3231,5.1166,87.621
339,845521,647871,CC1=CC(=NC(=N1)N2CCCC(C2)C(=O)NC3=C(C(=CC=C3)Cl)C)OC,Inactive,0,,,,,,,-0.38,3089,5.2542,87.856
340,863588,664837,COCCN1CN(C2=NC3=CC=CC=C3N=C21)S(=O)(=O)C4=CC=CC=C4,Inactive,0,,,,,,,-0.38,3383,5.1782,88.55
341,14740331,5651754,CCC1=NN=C(S1)/N=C\2/N(C(=O)/C(=C/C3=CC=C(C=C3)N(C)C)/S2)CC=C,Active,58,,,=,5.38,0.246,1.49,-0.05,2900,5.2043,147.19
342,17414392,350141,C1=CC=C(C=C1)N(C2=CC=CC=C2)C3=CC=C(C=C3)[N+](=O)[O-],Inactive,0,,,,,,,-0.32,2512,5.2707,99.25
343,17386756,1004092,COC1=CC=C(C=C1)C2=NC3=C(C=C2)C(=C(S3)C(=O)C4=CC(=CC=C4)OC)N,Inactive,0,,,,,,,-0.24,2850,5.1704,112.72
344,17416384,972919,C1=CC=C(C=C1)NC(=O)CC2=NC(=CS2)C3=CC=C(C=C3)[N+](=O)[O-],Inactive,0,,,,,,,-0.39,2774,5.1942,87.2
345,865905,667163,CC1=CC=C(C=C1)N2C(=NN=C2SCC(=O)OC(C)C)CC3=CC=CS3,Inactive,0,,,,,,,-0.38,2980,5.1452,88.599
346,844184,646497,C1CCC(CC1)C2=CC=C(C=C2)NC(=O)C3CCCN(C3)C4=NC=CC=N4,Inactive,0,,,,,,,-0.38,2986,5.1424,87.934
347,848576,651025,CCCN1CC=C2C(C1)C(C(C(=C2C#N)N)(C#N)C#N)C3=C(C=CC(=C3)OC)OC,Active,30,,,,,,,0.52,3145,5.2817,246.78
348,4247655,3241835,COC1=CC(=C(C=C1)OC)C2=NOC(C2)C(=O)NCC3CCCO3,Inactive,0,,,,,,,-0.39,2826,5.1063,86.705
349,14741017,942103,CC1=CC=C(C=C1)NC2=NC3=C(N2)C(=O)N(C(=O)N3C)C,Inactive,0,,,,,,,-0.39,2716,5.1748,86.557
350,17416032,2962163,C1=CC(=C(C=C1N2C(=O)C(NC2=O)(C(F)(F)F)NC(=O)C3=CC=NC=C3)Cl)F,Inactive,0,,,,,,,-0.39,3238,5.2554,86.681
351,4242348,3237212,C1=CC=C2C(=C1)C=C3N2C=NN(C3=O)CC(=O)NCC4=CC=CO4,Inactive,0,,,,,,,-0.39,2609,5.2383,87.034
352,4247208,3241439,CCOC1=CC=C(C=C1)C2C(C3=CC=CC=C3C(=O)N2CCN4CCOCC4)C(=O)O,Inactive,0,,,,,,,-0.39,3373,5.1117,86.76
353,7971429,1789058,COCCCNC1=C2C3=CC=CC=C3C(=O)C4=C2C(=CC=C4)NC1=O,Active,30,,,,,,,1.79,2797,5.1464,469.26
354,14731874,889506,CC1=C(C(=CC=C1)C)NC(=O)CSC2=NC3=C(N2)C=C(C=C3)OC,Inactive,0,,,,,,,-0.39,3483,5.0746,86.972
355,14730016,5707974,CC(C)SC1=NC(C=C(N1)/C=C/C2=C(C=C(C=C2)Cl)Cl)(C)C,Inactive,0,,,,,,,-0.36,2945,5.2717,91.305
356,14743641,2116260,CC(C)CNC(=O)CSC1=NN=C(O1)C2=CC(=CC=C2)S(=O)(=O)N3CCCCC3,Inactive,0,,,,,,,-0.39,2895,5.14,87.096
357,14722161,701332,CCOC(=O)N1CCN(CC1)C(=O)NC2CCCCC2,Inactive,0,,,,,,,-0.38,3152,5.1586,87.855
358,16952983,2435761,C1CCN(C1)S(=O)(=O)C2=CC=CC(=C2)C(=O)N3C(=O)C4=C(C3=O)C(=CC=C4)N,Inactive,0,,,,,,,-0.39,3324,5.083,87.301
359,17413847,2289625,CCOC(=O)CN1C(=O)/C(=C\C2=CC=C(O2)N3CCCCC3)/SC1=O,Active,57,,,=,7.22,0.249,2.14,0.01,3179,5.1367,156.18
360,14741499,2031089,CCCCCN1C2=NC3=CC=CC=C3N=C2C(=N1)C4=CC=CC=C4,Active,30,,,,,,,1.27,3201,5.0819,378.02
361,22415252,2923316,CCOC1=CC=C(C=C1)OCCCCN2C=CN=C2,Inactive,0,,,,,,,-0.39,2902,5.2489,87.594
362,4241041,3236065,CCCS(=O)(=O)N1CCC(CC1)C(=O)N2CCOCC2,Inactive,0,,,,,,,-0.38,2929,5.1127,88.099
363,24779977,9660820,CCN(CC)C1=CC2=C(C=C1)C=C(C(=O)O2)/C(=N/NC(=O)C3=CC=CS3)/N,Active,56,,,=,8.97,0.563,1.47,-0.26,3051,5.1313,109.69
364,17512989,1936517,CCOC(=O)C1=C(SC=C1C2=CC=C(C=C2)C)NC(=O)/C(=C/C3=CC(=C(C=C3)O)OC)/C#N,Inactive,0,,,,,,,-0.3,2887,5.2496,102.86
365,17510209,12005122,COC1=CC=C(C=C1)C2=NC(=O)/C(=C\C3=CC(=C(C(=C3)OC)OC)OC)/O2,Inactive,0,,,,,,,-0.38,2833,5.2089,88.899
366,850061,652572,CC1=CC=CC=C1N2C3=C(C=N2)C(=NC=N3)SCC(=O)NCC4=CC=CS4,Inactive,0,,,,,,,-0.38,2670,5.0918,87.961
367,7977149,874753,CCCC(=O)C1=C(C2=CC=CC=C2N1C)C,Inactive,0,,,,,,,-0.38,3165,5.0662,87.699
368,24825736,6900745,CCN(CC)C1=CC=C(C=C1)C(=O)N/N=C/C2=CC=C(C=C2)N3CCOCC3,Inactive,0,,,,,,,-0.37,3041,5.1173,90.692
369,24803161,1308083,CC1=C(C=CC=C1C(=O)O)C2=CC=C(O2)/C=C/3\C(=O)N(C(=O)N3)C4=CC=CC=C4,Inactive,0,,,,,,,-0.39,3120,5.0779,86.893
370,24799262,16190933,CC1=CC(=CC=C1)C2=NC=C(C=N2)CN3CCCC(C3)(CC4=CC=CC=C4C)CO,Inactive,0,,,,,,,-0.35,3335,5.2043,93.737
371,24783824,3509768,CCOC(=O)C1=C(NC(=O)NC1C2=CC=C(C=C2)N3CCC(=N3)C4=CC=CC=C4)C,Inconclusive,15,,,,,,,-0.16,2409,7.8107,126.87
372,4259600,2056596,CCN1C(=C(C=N1)Br)C(=O)NC2=C(C3=C(S2)CCC3)C(=O)N,Inactive,0,,,,,,,-0.39,3349,5.1637,86.952
373,24802262,5340560,C1CCN(CC1)C2=NC(=NC(=N2)N/N=C/C3=CC=C(O3)C4=CC=C(C=C4)[N+](=O)[O-])N5CCCCC5,Inconclusive,15,,,,,,,-0.18,2980,5.0933,123.04
374,24779251,1548304,CCOC(=O)CN1C2=CC=CC=C2N=C(C1=O)C3=C(C=CC(=C3)Br)N,Inconclusive,15,,,,,,,-0.15,1057,5.1612,129.53
375,26730683,2745800,CC1=C(C(=S)N=C(N1)C2=CC=CC=C2)C(=O)C,Active,60,,,=,2.37,0.232,1.75,-0.34,3122,5.2385,96.177
376,24779819,1539603,CN(C)C1=CC=C(C=C1)/C=C\2/C(=O)N(C(=O)S2)CCC3=NN=C(S3)N,Inactive,0,,,,,,,-0.3,3293,5.1335,103.15
377,26671120,1933203,CCN1CCC2=C(C1)SC(=C2C(=O)N)NC(=S)NC(=O)C3=CC=C(C=C3)Cl,Active,57,,,=,6.61,0.598,2.92,-0.16,3039,5.2197,128.04
378,17513336,5419018,CC1=CC2=C(C=C1N)N=C3C(=N2)C(=O)N(C(=O)N3)C4CCCCC4,Inactive,41,,,=,11.8,0.256,3.84,-0.15,3147,5.1426,129.61
379,26661063,6273628,CCC(C)N1C(=O)/C(=C/C2=C(N=C3C(=CC=CN3C2=O)C)N4CCNC(=O)C4CC(=O)OCC)/SC1=S,Active,30,,,,,,,0.45,3102,5.225,235.25
380,7965871,5307882,CCOC(=O)CN1CC23C=CC(O2)C(C3C1=O)C(=O)NC4=C(C=CC(=C4)OC)OC,Inactive,0,,,,,,,-0.38,3210,5.1105,87.734
381,865776,667037,CC1CCCN(C1)C2=NC3=C(N2CCSC4=NC5=CC=CC=C5S4)C(=O)N(C(=O)N3C)C,Inactive,0,,,,,,,-0.38,3179,5.4288,88.009
382,17387304,11948835,CCCN1C(=O)/C(=C/C=C\2/C(C3=CC=CC=C3N2CC)(C)C)/SC1=S,Active,59,,,=,2.71,0.267,1.52,0.16,3034,5.2896,184.25
383,843809,646114,CCCC1C2CN(CC=C2C(=C(C1(C#N)C#N)N)C#N)C(C)C,Active,30,,,,,,,0.45,2798,5.0491,235.17
384,4257505,2130721,C=CCSC1=NN=C(S1)NC(=O)C2=CC(=CC=C2)S(=O)(=O)N3CCOCC3,Inactive,0,,,,,,,-0.38,2667,5.342,87.88
385,14726423,9549594,CCOC1=CC=C(C=C1)NC2=NCC(=O)N2CC3=CC=CS3.Cl,Inactive,0,,,,,,,-0.38,3019,5.0201,88.171
386,859790,661092,C1CCCN(CC1)C2=NC3=C(C=NN3C4=CC=CC=C4)C(=N2)N5CCN(CC5)C6=CC=CC=N6,Inactive,0,,,,,,,-0.38,3021,5.2371,87.739
387,14726008,2947870,CC1=CC=CC=C1OCC(=O)OC2CCN(CC2)C.Cl,Inactive,0,,,,,,,-0.38,2939,5.0935,88.285
388,865174,666424,CN1CCN(CC1)CC2=NC(=NC(=N2)NC3=CC4=C(C=C3)OCCO4)N,Inactive,0,,,,,,,-0.39,3333,5.2012,87.473
389,17515182,12005962,CC1=C2C(=CC=C1)SC(=N2)NNC(=O)C3=CC4=C(C=C3)OCCO4,Inactive,0,,,,,,,-0.39,3230,5.1964,87.054
390,4241966,135516269,CCC(C)NC(=O)CSC1=NC2=NNC(=C2C(=N)N1C3=CC=C(C=C3)OCC)C,Inactive,0,,,,,,,-0.39,2582,5.0112,86.698
391,24807099,5291166,CCCCN1C(=O)/C(=C/C=C\2/N(C3=CC=CC=C3O2)CC)/SC1=S,Active,30,,,,,,,1.42,3448,5.0507,404.55
392,17412018,1581362,CCCCNC(=S)NC(=O)C1=C(C=C(C=C1)Cl)Cl,Inactive,0,,,,,,,-0.39,3495,5.2051,87.026
393,24834758,135420732,CC\1=NC2=CC=CC=C2/C1=C/C3=C(N(C(=S)S3)C4=CC=CC(=C4)C(=O)O)O,Inactive,0,,,,,,,-0.37,3379,5.1422,89.945
394,864213,665460,CC1=C2C(=O)C=CC3=C(C2=C(O1)C)OC(=C(C3C4=CC=CC=C4Cl)C#N)N,Inactive,41,,,=,14.8,0.244,2.05,-0.29,3235,5.1167,103.96
395,24823342,4075728,CC1=CC(=CC=C1)NC(=S)N(CC2CCC(CC2)C(=O)O)CC3=CC=C(C=C3)OC,Inactive,0,,,,,,,-0.38,3123,5.2329,88.872
396,14741986,135512337,C/C(=N\N=C/1\NC(=O)CC(S1)C(=O)NC)/C2=CC=CS2,Inactive,0,,,,,,,-0.38,3441,5.1485,87.782
397,24799893,16191563,CN1CCNC(=O)C1CC(=O)NCCC2=CCCCC2,Inactive,0,,,,,,,-0.38,3159,5.0991,87.858
398,14723844,3156766,CC1=CC(=NC(=N1)N)SCCOC2=CC=CC=C2,Inactive,0,,,,,,,-0.39,3474,5.1161,87.306
399,24835594,2090928,C1=CC=C(C=C1)NC2=NC(=C(S2)C=O)Cl,Inactive,0,,,,,,,-0.31,3151,5.1259,100.96
400,14721903,3223610,CCCNC(=O)N1CCC(CC1)C(=O)C2=CC=C(C=C2)Cl,Inactive,0,,,,,,,-0.38,2973,5.2342,88.061
401,26660591,5886744,CCOC(=O)CC1C(=O)NCCN1C2=C(C(=O)N3C=C(C=CC3=N2)C)/C=C\4/C(=O)N(C(=S)S4)CC(C)C,Active,30,,,,,,,0.66,3224,5.2326,270.68
402,7977606,246560,CCOC1=CC=C(C=C1)NC(=O)C2CCC(C2(C)C)(C)C(=O)O,Inactive,0,,,,,,,-0.39,3170,5.2573,87.53
403,26729148,2816464,CC1=CC=C(C=C1)C2=NC3=C(C(=C2)C4=CC=CO4)C(=C(O3)C(=O)NN)N,Inactive,0,,,,,,,-0.32,2697,5.1648,98.525
404,22405020,6011596,CC1=NN(C(=C1)NC(=O)/C(=C/C2=CC=C(O2)C3=CC=C(C=C3)SC(F)F)/C#N)C4=CC=CC=C4,Active,30,,,,,,,0.3,2192,5.5445,208.8
405,24788180,5736540,CCN\1C2=C(C=C(C=C2)S(=O)(=O)N(C)C)N(/C1=C\C=C/3\C(=O)N(C(=S)S3)CC=C)CC,Active,30,,,,,,,0.26,2740,5.153,200.58
406,863203,664450,CN(CC(=O)C1=CNC2=C1C=CC(=C2)OC)C3CCCCC3,Inactive,0,,,,,,,-0.37,3191,5.1464,90.409
407,14738132,6511277,C1COCCN1C2=CC=C(O2)/C=C\3/C(=O)N(C(=O)S3)CC4=C(C=CC=C4Cl)F,Active,30,,,,,,,2.04,1536,5.5187,513.44
408,848019,650443,C1=CC=C(C=C1)C2=CSC(=N2)N3C=NN=N3,Inactive,0,,,,,,,-0.38,3237,5.1474,87.962
409,14735329,576973,CC1=CC=CC=C1C(=O)N2CCC3=CC=CC=C3C2,Inactive,0,,,,,,,-0.39,3272,5.2646,87.254
410,3715861,2999381,COC1=C(C=CC(=C1)S(=O)(=O)N2CCOCC2)NC(=O)COC(=O)C34CC5CC(C3)CC(C5)C4,Inactive,0,,,,,,,-0.39,3414,5.178,86.965
411,24833935,5750335,C1C(N(N=C1/C=C/C2=CC=C(O2)[N+](=O)[O-])C3=CC=CC=C3)C4=CC=CO4,Active,58,,,=,3.87,0.105,0.992,-0.05,3239,5.1714,146.99
412,14741197,5791561,C1COCCN1C2=CC=C(O2)/C=C/3\C(=O)N(C(=O)S3)CC4=CC=C(C=C4)F,Active,30,,,,,,,0.51,3305,5.241,244.43
413,24779576,4524859,COC1=C2C(=CC=C1)SC(=N2)NNC(=O)C3=COCCO3,Active,56,,,=,8.52,0.261,1.84,-0.2,3315,5.1779,120.8
414,24791808,2485364,CC(C)(C)C(=O)/C=C\1/N(C(=O)/C(=C/C2=CC=C(O2)C3=CC=C(C=C3)[N+](=O)[O-])/S1)CC(=O)NC(=O)N,Active,30,,,,,,,4.23,3111,5.4526,898.82
415,24816628,16194965,COC1=CC=C(C=C1)N(C2CS(=O)(=O)C=C2)C(=O)CC3=CC=CS3,Inactive,0,,,,,,,-0.39,3352,5.131,87.29
416,26671383,410099,C1=CC=C2C(=C1)N=C3C=C(C(=CC3=N2)N)N,Inactive,0,,,,,,,-0.37,1386,4.9835,90.44
417,14732313,6110527,CC1=NOC(=C1[N+](=O)[O-])/C=C/C2=CC=C(O2)C3=CC=CC=C3Cl,Active,30,,,,,,,0.5,3158,5.0383,243.67
418,26666671,3146156,CC1CC(CN(C1)C(=O)C2=CC=CC3=C2C4=CC=CC=C4C3=O)C,Inactive,0,,,,,,,-0.38,3241,5.1346,88.127
419,24827853,2305287,CP(=O)(NC1=CC(=CC=C1)Br)OC2=CC=CC=C2,Inactive,0,,,,,,,-0.38,3062,5.1986,87.789
420,861653,662891,C1CN(CCN1CC2=CC3=C(C=C2)OCO3)/C=C(\C#N)/C4=NC5=CC=CC=C5S4,Inactive,41,,,=,10.7,0.213,1.87,-0.22,3298,5.1709,116.45
421,17513099,6224691,CC(C1=CC=CC=C1)NC(=O)/C(=C\2/C3=CC=CC=C3C(=N2)NC(=O)C4=CC=CS4)/C#N,Inactive,0,,,,,,,-0.38,2814,5.2138,87.717
422,14745023,2420674,CC1=NC(=C(C=C1Cl)Cl)NC(=O)COC(=O)CCS(=O)(=O)C2=CC=CC=C2Cl,Inactive,0,,,,,,,-0.39,3206,5.1283,86.898
423,22410915,135401286,C1=CC=C(C=C1)N2C3=C(C=N2)C(=O)NC(=N3)/C=C/C4=CC=CC=C4OC(F)F,Inactive,0,,,,,,,-0.38,2237,5.6018,88.503
424,24804996,5756549,CC\1(C2=CC=CC=C2N(/C1=C\C=C/3\C(=O)NC(=S)S3)C)C,Active,57,,,=,6.13,0.443,1.95,0.22,147,3.493,194.63
425,848510,650959,C1CCN(CC1)C2=CC=C(C=C2)NC(=O)C3=CN=CC=C3,Inactive,0,,,,,,,-0.39,3062,5.2188,87.387
426,24787076,2952736,C1CCN(CC1)S(=O)(=O)C2=CC=CC(=C2)C(=O)NC3=NOC=C3,Inactive,0,,,,,,,-0.39,3189,5.2239,87.156
427,863167,664404,CC1(C2(CCC1(C3=NC4=CC=CC=C4N=C32)C(=O)N(C)C)C)C,Inactive,0,,,,,,,-0.38,3349,5.0877,87.849
428,24820641,3129452,C1C(N(N=C1C2=CC=C(C=C2)[N+](=O)[O-])C3=CC=C(C=C3)[N+](=O)[O-])C#N,Inactive,0,,,,,,,-0.25,3490,5.3996,111.9
429,4257556,731945,CCOC(=O)COC1=CC=C(C=C1)C(=O)NC2CCCCC2,Inactive,0,,,,,,,-0.38,3244,5.1069,87.7
430,26670326,9610217,CC1=CC=C(C=C1)/C=N/NC(=O)CCC2C(=NNC2=O)C,Inactive,0,,,,,,,-0.39,3316,5.2673,87.009
431,14722852,889908,C1C(=NC2=CC=CC=C2N=C1C3=C(C=CC(=C3)Cl)O)C4=CC=CO4,Inactive,0,,,,,,,-0.35,2658,5.0796,94.089
432,864199,665447,CCOC(=O)C1=C(N(N=C1)C2=CC(=NC3=C(C=NN23)C4=CC=CC=C4)C)N,Inactive,0,,,,,,,-0.39,3275,5.2389,86.81
433,857673,6603611,CCCCC1=CC2=C(C=C1)NC=C2CCN.Cl,Inactive,0,,,,,,,-0.38,2316,5.2208,88.3
434,7976342,2834783,CCCC1=NNC2=C1C(=O)C(C(C2)(C)C)C(=O)OC,Inactive,0,,,,,,,-0.39,3283,5.2084,86.838
435,24810033,3139698,CC1CC(NC2=C1C=C(C=C2)N=O)(C)C,Inconclusive,15,,,,,,,-0.07,321,3.8145,142.63
436,26732295,16746453,COC1=CC=C(C=C1)C2/C=C\CN(CC(=O)N2CC3=CC=C(C=C3)F)S(=O)(=O)C4=CC=CC5=C4N=CC=C5,Inactive,0,,,,,,,-0.39,3760,5.1698,86.973
437,17509521,11835306,CCCCN(C)CC(CN1C=C(C2=CC=CC=C21)/C=C/C(=O)C3=CC=CS3)O,Inconclusive,15,,,,,,,-0.14,1304,5.1031,131.02
438,17386142,9640052,CN(C)C1=C(C=C(C=C1)/C=N/NC(=O)CN(C2=CC=CC=C2Cl)S(=O)(=O)C)Br,Inactive,0,,,,,,,-0.39,3330,5.3124,86.855
439,7972455,135438896,C1CC(=C(C(=O)C1)C=NCCC2=CC=CC=C2)O,Inactive,0,,,,,,,-0.38,3082,5.0561,87.813
440,864045,665296,CC1=C2C(=O)C=CC3=C(C2=C(O1)C)OC(=C(C3C4=CC=CC=C4)C#N)N,Inactive,0,,,,,,,-0.38,2828,5.1245,88.531
441,24783391,4246218,CC1=C(C=CC(=C1)NC(=S)N(CC2=CC=C(C=C2)C(=O)O)CC3=CC=C(C=C3)Br)Cl,Inactive,0,,,,,,,-0.38,2826,5.1979,88.363
442,4258465,1596915,CC1=CSC(=N1)NC(=O)C2=C(C3=C(S2)N=C(C=C3)C4=CC=CS4)N,Inactive,41,,,=,15.7,0.629,2.17,-0.25,2844,5.1174,111.06
443,24837805,2538326,CN1/C(=C/C2=CC=C(C=C2)N(C)C)/C(=O)N(C1=S)C3=CN=CC=C3,Inactive,0,,,,,,,-0.22,3028,5.1944,116.67
444,7974942,1347824,CC1=C(C(=NN1)C)N2C(=O)C3=C4C(=C(C=C3)N5CCCCCC5)C=CC=C4C2=O,Active,30,,,,,,,0.33,2694,5.2943,213.92
445,24828431,2315922,CC(=O)C(=CC1=CN(N=C1C2=CC=CC=C2)C3=CC=CC=C3)C(=O)C,Inactive,0,,,,,,,-0.32,3025,5.1491,98.412
446,14725704,397073,CCN(CC)C1=CC2=C(C=C1)C=C(C(=O)O2)C3=NN=C(O3)C4=CC=CC=C4,Active,30,,,,,,,1.33,3225,5.2555,389.07
447,22414109,865457,CC(=O)CSC1=C(C=C2C=C(C=CC2=N1)OC)C#N,Active,57,,,=,7.2,0.477,3.72,-0.24,2492,5.213,112.34
448,17386314,998226,CCOC(=O)C1=C(C2=C(S1)C=C(C=C2SCC(C)C)[N+](=O)[O-])N,Active,61,,,=,1.24,0.165,1.32,0.07,3066,5.1602,167.02
449,22404143,2320265,CC\1(C2=CC=CC=C2N(/C1=C\C=C(/C#N)\C(=O)NC3=CC=CC=C3F)C)C,Active,57,,,=,6.93,0.629,1.66,-0.09,2906,5.1408,139.02
450,14733388,9550477,COC1=C(C=C2C(=C1)C3=NN=C(C3=CN2CC4=CC=C(C=C4)F)C5=CC=C(C=C5)F)OC,Active,30,,,,,,,2.53,274,5.5062,599.68
451,24779581,3664666,CC(=NNC1=NC2=C(N1CCC3=CC=CC=C3)C(=O)N(C(=O)N2C)C)C,Inactive,0,,,,,,,-0.39,3606,5.3572,86.693
452,22413103,5568908,CC\1(C2=CC=CC=C2N(/C1=C\C=C/3\C(=O)C4=CC=CC=C4OC3=O)C)C,Active,30,,,,,,,3.27,3310,5.1172,730.15
453,14725883,1089932,CC1=CC=C(C=C1)S(=O)(=O)CCSC2=NC(=CC(=C2C#N)C(F)(F)F)C,Active,57,,,=,7.21,0.308,2.44,-0.14,2458,5.4931,130.43
454,17517002,2399443,CCCCNC(=O)/C(=C\1/N(C(=O)/C(=C/C2=CC=CC=C2OC(F)F)/S1)CCCOC)/C#N,Inactive,0,,,,,,,-0.37,3265,5.3539,90.375
455,846075,648447,CN1CC=C2C(C1)C(C(C(=C2C#N)N)(C#N)C#N)C3=C(C(=CC=C3)OC)OC,Active,57,,,=,7.38,0.341,2.58,-0.2,2401,5.1088,120.23
456,17403665,1554430,CC1=CC=C(C=C1)C2=CC=C(O2)/C=C(\C#N)/C(=O)NC3=CC(=NN3C4=CC=CC=C4)C,Active,30,,,,,,,1.66,2462,5.2125,446.56
457,17505491,135497990,CC1=CC(=CC=C1)CCNC(=O)C2=CC3=C(C=C2)N=C(C(=O)N3)/C=C(/C4=CC(=C(C=C4)OC)OC)\O,Active,30,,,,,,,0.56,1177,5.064,253.09
458,17507898,3231270,CCC1=CC=CC2=CC3=C(N=C21)SC(=C3N)C(=O)NC4=CC=C(C=C4)S(=O)(=O)N5CCCC5,Active,30,,,,,,,0.3,2430,5.0433,208.8
459,14746115,892732,COC1=CC=CC(=C1)C(=O)NC2=CC=CC=C2C(=O)N3CCCC3,Inactive,0,,,,,,,-0.39,3115,5.1449,87.497
460,865029,5390004,CCC1=CC2=C(C=C1O)OC(=O)C=C2CN3CCN(CC3)CCO,Inactive,0,,,,,,,-0.38,3145,5.1438,87.738
461,14734597,5717184,C1CN2C=CC=C2C(N1)C3=CC=C(C=C3)F.C(=C/C(=O)O)\C(=O)O,Inactive,0,,,,,,,-0.38,2954,5.1917,88.888
462,17401828,1928929,C1=CC=C2C(=C1)N=C(S2)NC(=O)C3=C(C4=C(S3)N=C(C=C4)C5=CC=CS5)N,Active,56,,,=,8.63,0.37,4.33,0.08,217,4.0926,169.56
463,4265034,741168,CC1=C(C(=NO1)C2=CC=CC=C2)C(=O)NC3=C(C=CC(=C3)Cl)OC,Inactive,0,,,,,,,-0.39,3305,5.3391,86.954
464,17403615,2843385,CC1=C(C=C(C=C1)C(=O)NCCCN2C=CN=C2)[N+](=O)[O-],Inactive,0,,,,,,,-0.39,3007,5.181,87.323
465,22407941,5860596,CC1CCCCC1NC(=O)COC(=O)C2=C3CC/C(=C\C4=CC=CO4)/C3=NC5=CC=CC=C52,Inactive,0,,,,,,,-0.35,2820,5.254,92.983
466,26663501,798423,CC(C)NC(=O)/C(=C/C1=CC=C(O1)N(C)C)/C#N,Inactive,41,,,=,14.3,0.505,1.45,-0.26,3230,5.1292,108.81
467,24787080,2287238,C1=CC=C(C=C1)CN2C(=O)/C(=C\C3=CC=C(O3)C4=CC(=C(C=C4)Cl)C(=O)O)/SC2=S,Active,57,,,=,7.47,0.502,4.26,-0.25,2836,5.1644,111.85
468,26662168,854221,CCCN1C=CC(=CC=C(C#N)C#N)C=C1,Active,57,,,=,7.84,0.313,2.6,-0.3,3224,5.1371,102.84
469,22404718,831358,CC(=O)C1=C(NC(=NC1=S)C2=CC=CC=C2)N3CCOCC3,Active,62,,,=,1.05,0.141,3.2,-0.27,3508,5.0766,107.03
470,26726509,2814482,CN(C)C1=CC=C(C=C1)C2C3=CC=CN3C4=C(N2)C=C(C=C4)OC,Active,59,,,=,3.12,0.338,1.97,-0.09,2937,5.6619,139.29
471,14741459,5036134,CC1=CC=C(C=C1)N2C3=C(C(N4C5=CC=CC=C5N=C(C4=N3)NC6=CC=C(C=C6)OC)C7=CN=CC=C7)C(=N2)C,Inactive,0,,,,,,,-0.31,2793,5.3129,100.23
472,26659458,1255814,CC1=CC=C(C=C1)C2=CN3C(=N2)N=C(C(=N3)C4=CC=CC=C4)C5=CC=CC=C5,Active,57,,,=,6.02,0.377,2.07,0,3204,5.1601,156.09
473,7971954,802777,CC1=CC(=NC(=N1)SCSC2=NC(=CC(=N2)C)C)C,Inactive,0,,,,,,,-0.38,3371,5.1892,87.772
474,4243435,1263575,CCOC1=CC=C(C=C1)C2=C(N=NN2C3=NON=C3N)C(=O)OCC,Inactive,0,,,,,,,-0.39,3519,5.2938,87.479
475,17387063,11839287,COCCN1C(=O)/C(=C/C2=CC(=C(C=C2OC)N3CCCC3)OC)/SC1=NC4=CC=CC=C4,Active,30,,,,,,,4.82,3476,5.212,1002.2
476,7978402,5310930,CC1=CC(=C(N1C)C)/C=C\2/C(=O)N3C(C(=C(N=C3S2)C)C(=O)C)C4=C(C=C(C=C4)OC)OC,Active,57,,,=,6.06,0.4,1.63,0.14,3654,5.309,179.32
477,16952731,4588070,CCCCN1C2=CC=CC=C2C3(C1=O)NNC4=CC=CC=C4O3,Inactive,0,,,,,,,-0.31,2824,5.1396,100.92
478,24788058,984326,CN1C2=CC=CC3=C2C(=C(C1=O)NC4CCCCC4)C5=CC=CC=C5C3=O,Active,30,,,,,,,3.32,3047,4.9646,738.04
479,14742981,943517,CC(C)[C@@H](C(=O)OC)NC(=O)NC1=CC(=CC=C1)OC,Inactive,0,,,,,,,-0.39,3026,5.2553,87.391
480,26662709,4343310,C=CCN1C=CC(=CC=C(C#N)C#N)C=C1,Active,57,,,=,8.1,0.316,3.64,-0.33,2965,5.19,97.678
481,14741548,1394794,CC(C)N1CC=C2[C@H](C1)[C@H](C(C(=C2C#N)N)(C#N)C#N)C3=COC=C3,Active,57,,,=,6.74,0.34,3.11,-0.31,2836,5.0519,101.25
482,3714503,2354633,C1CN(CCN1C(=O)COC(=O)C2=CC=CC=C2OCC3=CC=CC=C3)C(=O)C4=CC=CO4,Inactive,0,,,,,,,-0.38,2846,5.1086,88.739
483,848619,651072,CC1=CN=C(S1)NC(=O)CN2CCN(CC2)C3=CC=CC=N3,Inactive,0,,,,,,,-0.39,2364,5.5496,87.452
484,17416353,1302925,CCOC1=CC(=C(C=C1)OCC)C2=[N+](C3=CC=CC=C3N(C2=O)OCC4=CC=C(C=C4)Cl)[O-],Inactive,0,,,,,,,-0.38,2764,5.0257,87.771
485,4258362,2973977,C1C(C=CS1(=O)=O)NC(=O)C2=C(C3=CC=CC=C3S2)Cl,Inactive,0,,,,,,,-0.38,2121,5.3523,88.537
486,24796219,2935776,C1CCN(C1)C2=C(C=C(C=C2)[N+](=O)[O-])C(=O)N3CCCC3,Inactive,0,,,,,,,-0.38,3208,5.04,88.165
487,857441,658792,C1CC2=CC3=C(C4=C2N(C1)CCC4)OC(=O)C(=C3C(F)(F)F)CCN5CCOCC5,Active,57,,,=,8.25,0.247,1.51,0.03,3400,5.1555,161.35
488,22405609,5671894,C\1CC(=C(/C1=C/C2=CC(=CC=C2)[N+](=O)[O-])N3CCOCC3)/C=C(\C#N)/C(=O)NC4=CC=CC=C4F,Inactive,0,,,,,,,-0.32,2944,5.1094,99.139
489,26664819,6300604,CCCN(CCC)C1=CC=C(C=C1)/C=C/C2=NC3=C(C=C2)C=C(C=C3)OCC,Inconclusive,15,,,,,,,-0.11,2022,8.5342,135.07
490,17512796,6226078,C1CCN(CC1)CC(CN2C=C(C3=CC=CC=C32)/C=C/C(=O)C4=CC=CS4)O,Inconclusive,15,,,,,,,-0.13,1432,5.3476,132.36
491,14739670,767927,C1=CC=C(C=C1)CNC(=O)CSC2=NC=NN2,Inactive,0,,,,,,,-0.39,3379,5.0599,87.284
492,24815295,16194592,CC(C)N1CCC2=C(C1)SC(=C2C(=O)N)NC(=O)C3=CC=C(C=C3)S(=O)(=O)N4CCC5=CC=CC=C54.Cl,Active,30,,,,,,,0.77,1393,5.1445,290.03
493,14738133,9551286,C1COCCN1C2=CC=C(O2)/C=C\3/C(=O)N(C(=O)S3)CC4=CC=C(C=C4)F,Active,30,,,,,,,1.17,665,5.2088,360.6
494,3712790,135415428,COC1=CC=CC=C1N2CCN(CC2)C/C(=C(\C#N)/C3=NC(=CS3)C4=CC=CC=C4)/O,Inactive,0,,,,,,,-0.38,3087,5.1256,87.771
495,7973771,760116,CC1=CC2=C(C3=C1NCCC3)OC(=O)C=C2C(F)(F)F,Active,57,,,=,6.77,0.656,2.12,-0.07,3251,5.1181,142.61
496,17407245,11958522,CC1=CC(=CC=C1)SCC2=NOC(=C2C(=O)O)C(=O)NCCOC,Inactive,0,,,,,,,-0.39,3166,5.162,87.193
497,856920,658273,C1C2CC3(CC1CC(C2)(C3)CN)CN,Inactive,0,,,,,,,-0.36,3299,5.0494,91.164
498,842546,644816,CC1=CC2=NC(=C(N2C=C1)NC3CCCCC3)C,Inactive,0,,,,,,,-0.39,2990,5.0567,87.201
499,4249678,3243599,COC1=CC2=NC3=C(C=C2C=C1)C=C(O3)C(=O)NCC4=CC=CC=N4,Inactive,0,,,,,,,-0.38,3307,5.0688,87.631
500,4247827,3241987,CCOC1=CC=C(C=C1)CNC(=O)CCN2C3=CC=CC=C3OC2=O,Inactive,0,,,,,,,-0.38,3055,5.1233,88.752
501,24791387,135433205,CN(C)C1=CC=C(C=C1)/C=C\2/C(=O)NC(=N2)C3=CC(=C(C=C3)Cl)[N+](=O)[O-],Inactive,0,,,,,,,-0.33,2936,5.1303,97.191
502,4250250,3244090,CC1=CC(=CC(=C1)N2C(=O)C3=C(C=CS3)N(C2=O)CC(=O)NCC4=CC=CO4)C,Inactive,0,,,,,,,-0.39,3121,5.1966,87.266
503,24787811,890149,CC1=C(C=CC(=C1)N2CCCC2)/C=C\3/C(=O)N(C(=S)N3C)C,Active,57,,,=,7.11,0.281,1.15,-0.25,2943,5.0313,110.93
504,4243590,3238292,CCC1=CC=C(C=C1)NC(=O)C2=NOC(=C2)C(C)C,Inactive,0,,,,,,,-0.39,3046,5.2588,87.279
505,22401831,1015435,COC1=CC=C(C=C1)/C=C/2\C(=O)NC(=S)N2C(=O)C3=CC=C(C=C3)F,Inactive,41,,,>,16,,,-0.27,2981,5.2036,107.22
506,17517135,2405133,CC(C)NC(=O)NC(=O)COC(=O)C1=CC(=CC=C1)S(=O)(=O)N2CCCCC2,Inactive,0,,,,,,,-0.39,3036,5.1819,87.56
507,26666960,2002858,COC1=CC(=C(C=C1/C=C\2/C(=O)C3=C(O2)C=C(C=C3)OS(=O)(=O)C)OC)OC,Inactive,0,,,,,,,-0.24,3055,5.0955,112.81
508,22411274,3615288,C1CN(CCC1=NNC(=O)C2=CC(=CC=C2)S(=O)(=O)NC3=CC=CC=C3Cl)CC4=CC=CC=C4,Inactive,0,,,,,,,-0.38,3204,5.0816,88.82
509,4251380,3245077,CCCCCOC(=O)C1=C(NC2=NN=NN2C1C3=C(C(=C(C=C3)OC)OC)OC)C,Inactive,0,,,,,,,-0.39,3580,5.2282,86.873
510,22404561,1634413,C=CCN1C(=O)/C(=C/C2=CC=C(O2)N3CCOCC3)/C(=O)NC1=S,Inactive,0,,,,,,,-0.32,3267,5.232,99.082
511,24793844,5296051,C1OC2=C(O1)C=C(C=C2)/C=C\C3=NC=CC4=C3NC5=CC=CC=C45,Active,30,,,,,,,0.26,1906,6.9607,201.28
512,26731839,16746044,CN1C(CC2C1C3=NC4=CC5=CC=CC=C5C=C4N3C2)C(=O)NCC=C,Inactive,0,,,,,,,-0.39,3388,5.0317,87.309
513,17513591,12005721,CC1=CC=C(C=C1)C2=C(SC(=N2)/C(=C\C3=CC(=CC=C3)Cl)/C#N)NC(=O)C,Active,30,,,,,,,1.12,2998,5.3769,352.07
514,26725458,16745680,CCCCC1=CC2=C(C(=O)C(C(=O)C2=CN1CC(C)C)(C)OC(=O)C3=CC=C(C=C3)OC)C4=CC=CO4,Inactive,0,,,,,,,-0.39,2869,5.3141,87.583
515,3714213,854410,CC(=O)NC1=NC(=CS1)C2=CC=C(S2)Br,Inactive,0,,,,,,,-0.39,3317,5.1503,86.645
516,17408108,2834119,CC1=C(C(=O)N(N1C)C2=CC=CC=C2)C(C3=CC=C(C=C3)[N+](=O)[O-])C4=C(N(N(C4=O)C5=CC=CC=C5)C)C,Inactive,0,,,,,,,-0.39,3038,5.2052,86.352
517,17409074,3165836,C=CCNC(=O)C1=C2CCC3=CC=CC=C3C2=NC4=CC=CC=C41,Inactive,0,,,,,,,-0.39,3266,5.0882,87.119
518,17402324,1479598,CC1=CC=C(C=C1)SCC2=CC(=NO2)C3=CC=C(C=C3)Cl,Inactive,0,,,,,,,-0.38,2860,5.183,88.539
519,4243926,9555276,CC1=CC=C(C=C1)S(=O)(=O)/N=C(\C)/N2CCN(C2)S(=O)(=O)C3=CC=CC=C3,Inactive,0,,,,,,,-0.38,3135,5.0975,88.017
520,17402703,3845873,COC(=O)C1=C(C2=CC=CC=C2S1)N3C=CC=C3C(=O)C(=O)NC4=CC=C(C=C4)F,Inactive,0,,,,,,,-0.38,3003,4.9225,88.238
521,24807151,1178064,C1COC2=C(O1)C=CC(=C2)NC3=NC=CC(=O)N3,Inactive,0,,,,,,,-0.39,2860,5.2825,86.894
522,17504945,135478946,CC1=C(C=C(C=C1)N=C2NC(=O)/C(=C/C3=CN(C4=CC=CC=C43)C)/S2)C,Inactive,0,,,,,,,-0.23,2581,5.0642,114.8
523,24817295,2146812,CC\1(C2=CC=CC=C2N(/C1=C\C=C3C(=O)NC(=S)NC3=O)C)C,Active,30,,,,,,,3.61,2695,5.1989,789.27
524,22406124,5379238,CCN(CC)C1=CC=C(C=C1)/C=C/C(=O)C2=CC=C(C=C2)Br,Active,59,,,=,3.67,0.261,2.67,-0.01,2878,5.2222,153.55
525,24783991,794101,CC1=CC=C(C2=NSN=C12)/C=[N+](/C3=CC=C(C=C3)N(C)C)\[O-],Inactive,0,,,,,,,-0.38,1885,5.4605,88.439
526,17503970,135408359,C1CC2=C(C3=CC=CC=C31)N=C(S2)C4=CC5=C(C=C(C=C5)O)OC4=O,Active,57,,,=,7.42,0.255,1.6,0.15,2721,5.8612,181.83
527,7974462,763911,CC(=O)C1=CC(=CC=C1)NC(=O)C2=CC(=CC(=C2)OC)OC,Inactive,0,,,,,,,-0.39,3261,5.0728,87.321
528,17505962,12004639,C1=CC=C(C=C1)C(C2=CC=CC=C2)OC(=O)[C@@H]3[C@H]4[C@@H]([C@@H]5N3C6=CC=CC=C6C=C5)C(=O)N(C4=O)C7=CC(=CC=C7)F,Inactive,0,,,,,,,-0.34,2755,5.3772,95.081
529,7976272,2839049,CC1CC2=C(C(C(=C(O2)N)C#N)C3=COC4=CC=CC=C4C3=O)C(=O)C1,Inactive,0,,,,,,,-0.38,3178,5.1332,89.075
530,14731183,7308510,C1=CC=C(C=C1)C2=CC=C(O2)/C=C(/C#N)\C3=NC(=CS3)C4=CC=CS4,Active,30,,,,,,,0.88,3202,5.1639,309.24
531,14725298,1878728,CC(=C(C(=O)NCCCO)NC(=O)C1=CC=CC=C1)C,Inactive,0,,,,,,,-0.39,3278,5.3999,87.105
532,22405934,135521583,CC1=CC(=CC=C1)N=CC2=C(C3=C(N2)C=CC(=C3Cl)Br)O,Inactive,41,,,>,16,,,-0.09,3336,5.1059,139.46
533,24825942,2365788,CC1=CC(=O)OC2=C1C=CC(=C2)OCC(=O)OCC(=O)NC3CC3,Inactive,0,,,,,,,-0.38,3146,5.2226,87.665
534,24795081,2920403,CC(=O)NC(C1=CC=C(C=C1)Cl)C2=C(C=CC3=C2C=C(C=C3)O)O,Inactive,0,,,,,,,-0.38,3136,5.0373,88.087
535,26731740,135520577,CN(C)C1=CC=C(C=C1)C(=O)N/N=C/C2=C(C(=CC(=C2)Br)Br)O,Inactive,0,,,,,,,-0.38,2505,5.2966,88.236
536,24823154,6174589,CCN(CC)C1=CC2=C(C=C1)C=C(/C(=N\NC(=O)C3=CC=NC=C3)/O2)C(=O)N,Active,56,,,=,9.35,0.17,1.44,-0.15,3104,5.2196,129.64
537,26728221,2816887,C1COCCN1CCSC2=C3C(=C(SC3=NS2)C(=O)C4=CC=C(C=C4)Cl)N,Active,30,,,,,,,0.31,2538,5.261,210.31
538,17514836,65047,CC(=O)OC1=CC2=C(C=C1)C3(C4=C(O2)C=C(C=C4)OC(=O)C)C5=CC=CC=C5C(=O)O3,Active,30,,,,,,,4.32,3272,5.0572,913.91
539,26666263,248466,COC1=C(C2=CC=CC=C2C(=C1)N=NC3=CC(=CC=C3)S(=O)(=O)N)N,Inconclusive,15,,,,,,,-0.13,1031,5.9117,132.02
540,17388605,1214483,CC(C)NC(=O)N1CCN(CC1)C2=C(C=NC=C2)S(=O)(=O)N3CCOCC3,Inactive,0,,,,,,,-0.39,2901,5.141,87.577
541,14741725,938952,CCC1=NN=C(S1)NC(=O)CCC(=O)NCC2=CC=CC=C2OC,Inactive,0,,,,,,,-0.38,2894,5.0707,87.8
542,17386130,6103405,C1=CC=C(C=C1)CN2C(=O)C3=C4C(=C(C=C3)O)C=CC=C4C2=O,Inactive,41,,,>,16,,,-0.19,2657,5.176,122.33
543,26731508,2727630,CSC1=C(C(=NC2=C1C(=C(S2)C(=O)C3=CC(=C(C=C3)Cl)Cl)N)N)C#N,Inactive,0,,,,,,,-0.28,2767,5.0875,105.58
544,24790423,4294031,CC(=O)N1C2=CC=CC=C2C(=C1C=NC3=CC=CC=C3)O,Active,56,,,=,8.96,0.812,3.3,-0.24,3060,5.3463,112.67
545,26671679,3518029,COC1=CC=C(C=C1)NC(=O)C2=C(C3=C(S2)N=C(C=C3)C4=CN=CC=C4)N,Inactive,0,,,,,,,-0.3,2882,5.2755,101.95
546,24781072,2270714,COC1=CC=CC=C1C(=O)N/C(=C/C2=CC=C(C=C2)Br)/C(=O)NCC=C,Inactive,0,,,,,,,-0.39,3392,5.3136,87.028
547,24789189,890674,C1CCN(C1)C2=CC=CC=C2NC(=S)NC(=O)/C=C/C3=CC=CO3,Inactive,0,,,,,,,-0.39,2688,5.0875,86.898
548,862822,664055,CN(C)/C=C/1\C(=O)C2=CC=CC=C2N1,Inactive,0,,,,,,,-0.36,3059,5.1913,91.725
549,864983,666231,CCCCC(=O)NC1=CC2=C(C=C1)N3CCSCC3=N2,Inactive,0,,,,,,,-0.38,2871,5.1326,88.794
550,14743034,5778563,C1COCCN1C2=CC=C(O2)/C=C/3\C(=O)N(C(=O)S3)CC4=C(C=CC=C4Cl)F,Active,30,,,,,,,1.3,3277,5.1449,384.4
551,17516320,2313555,CN(C)C1=CC=C(C=C1)/C=C/2\CCC/C(=C\C3=CC=CC=C3)/C2=O,Inconclusive,15,,,,,,,-0.17,2507,5.226,125.37
552,16953378,2354963,CCOC(=O)C1=C(C=C(S1)NC(=O)C2=C(C=CS2)C)C,Inactive,0,,,,,,,-0.39,3303,5.2255,86.914
553,17410875,3207334,CCOC(=O)CC1=CSC(=N1)NC(=O)C2=C(C3=CC4=CC(=CC(=C4N=C3S2)C)C)N,Inactive,41,,,=,10.9,0.182,1.47,-0.17,2557,5.2259,124.82
554,17412701,5337303,C1CCN(CC1)C2=CC=C(O2)/C=C(/C#N)\C(=O)NC3=CC=C(C=C3)Cl,Active,30,,,,,,,3,2987,5.0873,683.34
555,17509103,856019,C1=CC2=C(C=CC=N2)C(=C1)NC(=O)CCl,Inactive,0,,,,,,,-0.38,2057,5.2273,88.386
556,4257119,784224,CC1=CC=C(C=C1)CNC2=CC3=C(C=C2)OCO3,Active,57,,,=,6.18,0.43,2.7,-0.11,2715,5.0677,135.17
557,4248145,3242259,CCC(C)(C(=O)NC1CCCC1)N(C2=CC=CC=C2)C(=O)CNC(=O)C,Inactive,0,,,,,,,-0.39,2957,5.1564,87.43
558,4260139,784440,CC1=CC(=C(C=C1)CNC2=CC3=C(C=C2)OCO3)C,Inconclusive,15,,,,,,,-0.05,2814,5.0696,145.93
559,4242864,3237663,CC1=C2C(=CC=C1)SC(=N2)NC(=O)C3CCCN(C3)S(=O)(=O)C4=CC=CC5=NON=C54,Inactive,0,,,,,,,-0.28,3131,5.0963,106.63
560,22405312,6974996,CCN=C1N(C(=O)/C(=C/C2=CC(=C(C=C2OC)N3CCCC3)OC)/S1)CC,Active,30,,,,,,,0.65,2677,5.4423,268.77
561,24785904,9642757,CC1=CC(=C(C=C1)NS(=O)(=O)C2=C(C=CC(=C2)[N+](=O)[O-])N/N=C/C3=C(N=C(S3)N4CCOCC4)C5=CC=CC=C5)C,Active,58,,,=,4.45,0.229,1.13,-0.02,2794,5.0919,151.47
562,14742057,2968676,CC(=O)N1CCN(CC1)CC2=NC3=C(N2C)C=CC(=C3)NC(=O)C4=CC=CC=C4,Inactive,0,,,,,,,-0.38,2961,5.0586,87.709
563,24823466,135439750,CC(=O)NC1=CC=C(C=C1)N=CC2=C(C(=CC3=CC=CC=C32)C(=O)NC4=CC=CC=C4)O,Inactive,41,,,=,11.1,1.76,1.5,-0.19,1543,5.2564,121.34
564,17402075,11957284,CC1=NN=C(S1)NC(=O)C2=C(C3=C(S2)N=C(C=C3C(F)(F)F)C4=CC=CS4)N,Active,30,,,,,,,0.85,2608,5.15,305.25
565,17511916,3974576,C1CN(CC2=C1C(=C(S2)NC(=S)NC(=O)C3=CC=CC=C3)C#N)CCC4=CC=CC=C4,Active,57,,,=,5.79,0.335,2.15,0.07,2332,5.1508,168.06
566,14743476,1987067,CCOCCCNC1=C(C(=O)N2C=CC=C(C2=N1)C)/C=C\3/C(=O)N(C(=S)S3)CC(C)C,Inactive,0,,,,,,,-0.38,2903,5.0872,87.918
567,26729603,9583986,C1=CC(=CN=C1)/C=N/NC(=O)C2=C(C3=C(O2)N=C(C=C3C4=CC=CO4)C5=CC=CO5)N,Inactive,0,,,,,,,-0.32,2961,5.3455,98.892
568,17387053,1798506,C1CCN(C1)C2=CC=C(C=C2)/C=C\3/C(=O)N(C(=S)N3)C4CC4,Active,30,,,,,,,0.41,2770,5.3208,228.18
569,26729667,274117,C1COCCN1C2=C(C(=O)C2=O)N3CCOCC3,Inactive,0,,,,,,,-0.39,3126,5.1766,87.029
570,17388465,135490316,CC1=C(C2=CC=CC=C2N1)/C=N/NC3=C(C=C(C=C3)[N+](=O)[O-])S(=O)(=O)NC4=CC=C(C=C4)Cl.CS(=O)C,Active,30,,,,,,,0.35,2052,4.9013,217.15
571,26731589,2816095,CNC(=S)NNC(=O)C1=C(C2=C(O1)N=C(C=C2C3=CC=CO3)C4=CC=CC=C4)N,Inactive,0,,,,,,,-0.3,2942,5.3143,102.58
572,848198,650625,C1=CC2=C(C=C1F)C(=CC(=N2)C3=CC=NC=C3)C(=O)O,Inactive,0,,,,,,,-0.39,3067,5.1385,87.11
573,26671439,6236447,C1=CC=C(C=C1)CCN2C(=C(C(=O)NC2=O)C(=O)/C=C/C3=CNC4=CC=CC=C43)O,Active,30,,,,,,,2.73,2915,5.2327,634.76
574,24823305,14610,C1C2=C(C=CC(=C2)N)C3=C1C=C(C=C3)[N+](=O)[O-],Active,58,,,=,4.22,0.531,2.59,-0.11,2907,5.3558,135.33
575,17403147,5763292,CCCCN1C(=O)/C(=C/C=C\2/C(C3=CC=CC=C3N2C)(C)C)/SC1=S,Active,59,,,=,2.65,0.203,1.35,0.16,2908,5.1033,183.74
576,22405109,4076033,CCCCN(C)C1=CC2=CC(=C(C#N)C#N)CCC2CC1,Active,30,,,,,,,11.28,3124,5.1759,2137.4
577,848810,651263,CN1CC=C2C(C1)C(C(C(=C2C#N)N)(C#N)C#N)CC3=CC=CC=C3,Inactive,41,,,=,13.7,0.425,2.08,-0.25,3288,5.1361,110.68
578,24826744,3596034,CCN1CCN(CC1)C2=CC3=CC(=C(C#N)C#N)CCC3CC2,Active,30,,,,,,,1.63,3185,5.0549,442.61
579,14744331,3321546,CC1=CC=C(C=C1)C2(NC(=O)N3C4=C(C=C(C=C4)C)SC3=N2)C(F)(F)F,Inactive,0,,,,,,,-0.39,2937,5.1053,86.999
580,24830438,4208272,C1CC(=CC2=CC(=C(C#N)C#N)CCC21)N3CCOCC3,Active,30,,,,,,,1.21,3084,5.105,367.4
581,17388159,580799,CN1C(=O)CC(C1=O)N2CCN(CC2)CC3=CC=C(C=C3)Cl,Inactive,0,,,,,,,-0.39,2872,5.0454,87.409
582,14740141,1039936,C1CC1C(=O)C2=C(C3=C(S2)N=C(C=C3C(F)(F)F)C4=CC=CS4)N,Active,30,,,,,,,0.95,2749,5.0752,322.72
583,864621,665863,CCOC(=O)N1CCN(CC1)S(=O)(=O)C2=CC3=C(C=C2)N(C(=O)O3)C,Inactive,0,,,,,,,-0.31,2783,5.1096,101.1
584,14741956,5914490,C1COCCN1C2=CC=C(O2)/C=C(\C#N)/C3=NC4=CC=CC=C4N3,Active,30,,,,,,,0.96,2399,5.1868,324.11
585,846848,649244,C1CC(OC1)CNC(=O)COC(=O)C2=CC=CO2,Inactive,0,,,,,,,-0.39,2790,5.3446,86.946
586,4257829,1080280,COC1=CC=CC(=C1)NC(=O)CN2C3=CC=CC=C3N=C2C4=CN=CS4,Inactive,0,,,,,,,-0.39,3156,5.172,86.755
587,14745254,2522626,C1C(=O)NC2=CC=CC=C2N1C(=O)COC3=NC=NC4=CC=CC=C43,Inactive,0,,,,,,,-0.38,3023,5.2545,87.97
588,4250254,755373,C1COCCN1C2=NC(=NC(=N2)C#N)N3CCOCC3,Inactive,0,,,,,,,-0.39,3121,5.0992,86.831
589,17431726,2918604,CC1=CC2=C(C=C1C)NC(=O)C(N2)CC(=O)NC3=C(C(=C(S3)C)C)C(=O)OC,Inactive,0,,,,,,,-0.38,3121,5.2146,88.732
590,24782483,11521711,C1CN(CCN1)C2=NSC3=CC=CC=C32.Cl,Inactive,0,,,,,,,-0.39,2006,5.0502,86.979
591,24812423,5092584,CC12C(C(C3=C(O1)C=CC(=C3)Cl)NC(=S)N2C4=CC(=CC=C4)Cl)C(=O)N(C)C,Inactive,0,,,,,,,-0.39,3183,5.2124,87.236
592,4251481,3245160,CC1CN(CC(O1)C)C(=O)CCN2C3=CC=CC=C3OC2=O,Inactive,0,,,,,,,-0.39,3067,5.1277,86.604
593,24804466,2817441,C1=CC=C2C(=C1)C3=NC4=CC=CC=C4OC3=C(C2=O)Cl,Active,57,,,=,6.42,0.139,1.27,0.04,2669,5.1286,162.38
594,14720617,2877975,C1C(CC(=O)C=C1NC2=CC=C(C=C2)O)C3=CC=CO3,Inactive,0,,,,,,,-0.39,3015,5.0693,86.778
595,861161,662423,CCOC(=O)N1CCN(CC1)/C=C(\C#N)/C2=NC3=CC=CC=C3S2,Inactive,41,,,=,11.7,0.306,2.43,-0.29,2978,5.0216,103.54
596,4240514,54718136,CC12CC(C3=CC=CC=C3O1)/C(=C(\C=C\C4=CC=C(C=C4)N(C)C)/O)/C(=O)N2C,Active,57,,,=,7.25,0.228,2.17,-0.19,2642,5.1554,122.63
597,24811428,711978,C1=CN(C(=O)C(=C1)[N+](=O)[O-])CC2=C(C=C(C=C2)F)Cl,Inactive,0,,,,,,,-0.38,2964,5.3333,87.71
598,842157,644413,CN1CC2C(C(C(C(=C2C=C1)C#N)N)(C#N)C#N)C3=CC=CC=C3,Active,30,,,,,,,0.32,2839,5.1679,211.87
599,24827702,2525957,COC1=CC=CC=C1NC2=NC(=C(S2)C=O)Cl,Inactive,0,,,,,,,-0.31,2967,5.233,101.6
600,24791066,135410539,CC1=C(C(=O)N(N1C)C2=CC=CC=C2)N=C3C4=CC=CC=C4C(=N3)NC(=O)C5=CC=CS5,Inactive,41,,,=,11.8,0.28,1.49,-0.14,2570,5.3507,130.8
601,7966084,5308007,CN1C2=C(C=C1C(=O)N3CCC(CC3)C(=O)N4CCN(CC4)CC5=CC6=C(C=C5)OCO6)SC=C2,Inactive,0,,,,,,,-0.39,2815,5.3071,86.155
602,26670841,5400997,CC1=CC2=C(C=C1N)N=C3C(=N2)C(=O)N(C(=O)N3)CC4=CC=CC=C4,Inactive,0,,,,,,,-0.33,2710,5.1739,96.446
603,861303,662557,CN1C(=NN=C1SCC(=O)NC2=CC(=C(C=C2)OC)OC)C3=CC=CS3,Inactive,0,,,,,,,-0.39,2878,5.1277,86.46
604,24826438,4406525,CN1CCN(CC1)C2=CC3=CC(=C(C#N)C#N)CCC3CC2,Active,30,,,,,,,0.91,2814,5.2213,315.39
605,17509011,5757793,CCCCN1C(=O)/C(=C/C=C\2/CC(CN2C)(C)C)/SC1=S,Active,30,,,,,,,0.43,2804,5.1532,230.14
606,26671199,910931,CC1=NN(C=C1N2C(=O)C3=C4C(=C(C=C3)N)C=CC=C4C2=O)C,Inactive,41,,,>,16,,,-0.35,2936,5.2128,94.067
607,22400426,1719192,CCC1=CC=CC=C1N2C(=O)/C(=C/C3=CC=C(O3)N4CCN(CC4)C)/C(=O)NC2=S,Inactive,0,,,,,,,-0.35,2582,5.297,93.668
608,17504691,2931982,COC1=CC(=C(C=C1C2=C3C=C(C(=O)C=C3OC4=CC(=C(C=C42)O)O)O)OC)OC,Inactive,41,,,=,13.5,0.715,1.87,-0.32,3003,5.0963,99.793
609,24781736,1936948,CCOC1=CC=C(C=C1)C2=C(C(=NC3=C2C(=C(S3)C(=O)C4=CC=CC=C4)N)N)C#N,Active,30,,,,,,,0.98,3090,5.1448,328.07
610,4250548,712714,CCNC1=C2C3=CC=CC=C3C(=O)C4=C2C(=CC=C4)N(C1=O)C,Active,30,,,,,,,1.42,3004,5.0528,404.65
611,24840978,658221,CCN(CC)C(=O)C1=C(C2=C(S1)N=C(C=C2C3=CC=CS3)C4=CC=CS4)N,Inactive,0,,,,,,,-0.2,3420,5.1723,119.44
612,26727519,2727243,CC1=CC(=CC=C1)OC2=NC=CC(=C2C(=O)NC3=C(C=C(C=C3)F)F)C(F)(F)F,Inactive,0,,,,,,,-0.39,3514,5.2043,86.105
613,26659214,5743234,CN(C)C1=CC=C(C=C1)/C=C/C(=O)C2=C(C=C(C=C2)OC)OC,Active,56,,,=,9.89,0.293,1.96,-0.12,2376,5.1126,133.46
614,14728440,1240391,C1CC1C(=O)C2=C(C3=C(S2)N=C(C=C3C(F)(F)F)C4=CC=CC=C4)N,Active,30,,,,,,,0.39,3090,5.0652,223.06
615,26666957,2065001,CCCCCCN1C(=C(C(=O)NC1=S)C=NC2=CC=CC=C2N3CCOCC3)O,Inactive,0,,,,,,,-0.37,3053,5.2162,91.032
616,17415431,5334290,CCN(CC)C1=CC(=C(C=C1)/C=C(/C#N)\C2=NC3=C(N2)C=C(C=C3)C)OC(C)C,Active,30,,,,,,,2.57,1476,5.2553,607.47
617,3716629,2999692,CC1=CC=C(C=C1)S(=O)(=O)N2CCCC2C(=O)N(C)CC3=CC=CS3,Inactive,0,,,,,,,-0.39,3120,5.1432,86.59
618,14734763,2944829,CCN1C(=O)C2=C(N=N1)SC3=C2CCC(C3)C,Inactive,0,,,,,,,-0.39,3168,5.2682,86.798
619,24827342,9658313,C/C(=N\NC1=CC=C(C=C1)[N+](=O)[O-])/C2=CC3=CC=CC=C3O2,Active,56,,,=,8.87,0.215,1.85,-0.24,2977,5.2248,113.79
620,14722163,3230485,CC(=O)OC(C1=CC=CC=N1)C(=O)NCC2=CC=C(C=C2)F,Inactive,0,,,,,,,-0.39,2844,5.166,87.02
621,24822600,6882070,COC1=C(C=CC(=C1)[N+](=O)[O-])C2=CC=C(O2)/C=N/NC(=O)N,Inactive,0,,,,,,,-0.34,2864,5.1968,95.509
622,24781913,1837768,CCOC(=O)CN1C2=C(C=C(C=C2)F)C3=C1SC(=N3)C,Inactive,0,,,,,,,-0.39,2899,5.191,86.355
623,14736617,1220270,COC1=CC(=CC(=C1OC)OC)C(=O)NC2=C(SC=C2)C(=O)OC,Inactive,0,,,,,,,-0.39,3022,5.426,86.173
624,22411798,360219,CCN(CC)C1=CC2=C(C=C1)C=C(C(=O)O2)S(=O)(=O)C3=CC=C(C=C3)Cl,Inactive,0,,,,,,,-0.31,2593,5.4688,100.84
625,17433183,2945715,CCC1=CC(=C(S1)NC(=O)CC2C(=O)NC3=C(S2)C=CC(=C3)C(F)(F)F)C(=O)OC,Inactive,0,,,,,,,-0.39,2387,5.2539,87.588
626,22403398,2345437,CC\1(C2=CC=CC=C2N(/C1=C\C=C(/C#N)\C(=O)NC3=CC=C(C=C3)Cl)C)C,Inconclusive,15,,,,,,,0.22,2458,5.2889,194.1
627,7969385,5309939,C1=CC=C(C=C1)C2=NN=C(O2)NC(=O)NC3=CC=CC=C3Cl,Inactive,0,,,,,,,-0.39,2751,5.2568,86.53
628,22414848,5794211,CC(=O)NC1=CC=CC(=C1)C(=O)/C=C/C2=CC=C(C=C2)N(C)C,Inactive,41,,,=,12,0.381,1.62,-0.33,2941,5.1232,98.142
629,24813276,16193971,C1CN(N=C1C2=CC=CC=C2)C3=CC=C(C=C3)/C=C/C(=O)C4=CC=CC=C4,Active,57,,,=,5.99,0.334,2.72,-0.11,2899,5.2404,136.22
630,26664692,260308,C1CN(CCN1CC(COC2=CC=CC3=CC=CC=C32)O)C4=CC=CC=C4Cl,Inactive,0,,,,,,,-0.39,3270,5.3061,86.466
631,17516346,2382904,CC1=C(C(=CC=C1)C(C)C)NC(=O)COC(=O)/C(=C/C2=CC=C(C=C2)OC)/C#N,Inactive,0,,,,,,,-0.39,2950,5.1553,86.991
632,26660292,1855553,CC1=CC(=C(N1C2=CC=C(C=C2)O)C)/C=C\3/C(=O)NC(=S)S3,Inactive,0,,,,,,,-0.36,2996,5.2658,92.657
633,865474,666728,COCCN(CCOC)CC1=CC(=O)OC2=C1C=C3CCCC3=C2,Inactive,0,,,,,,,-0.38,3156,5.262,87.69
634,26666501,4300538,COC1=C(C=C(C=C1)C(=O)NN2C=NN=C2)OC,Inactive,0,,,,,,,-0.39,2928,5.23,86.604
635,17407430,11958653,CC1=CC=CC=C1SCC2=NOC(=C2C(=O)O)C(=O)NC(C)C,Inactive,0,,,,,,,-0.39,3150,5.145,87.097
636,26728657,2811961,CC1=NN(C(=C1)N2C(=O)C3=CC=CC=C3C2=O)C,Inactive,0,,,,,,,-0.39,2964,5.1225,86.886
637,22409204,4880850,CCN1C2=C(C=C(C=C2)S(=O)(=O)N3CCOCC3)N=C1SCC(=O)C4=CNC5=CC=CC=C54,Inactive,0,,,,,,,-0.36,3196,5.246,92.357
638,26729665,9583975,C1=CC=C(C=C1)C2=NC3=C(C(=C2)C4=CC=CO4)C(=C(O3)C(=O)N/N=C/C5=CC=CC=C5Cl)N,Inactive,0,,,,,,,-0.27,2969,5.0831,107.15
639,26726237,6226345,CCCCN1C(=C(C(=O)NC1=O)C(=O)/C=C/C2=CNC3=CC=CC=C32)O,Inconclusive,15,,,,,,,0.01,3016,5.1134,156.88
640,14743549,915686,CCCN1C=CC(=C/C=C(\C#N)/C(=O)OCC)C=C1,Active,57,,,=,6.81,0.325,2.54,-0.28,2901,5.2289,105.46
641,7977423,1224211,C1CCC2(CC1)OC(=O)C(=CNC3=CC=C(C=C3)S(=O)(=O)N)C(=O)O2,Inactive,0,,,,,,,-0.25,3077,5.2055,93.192
642,4250882,3244637,CCC1=C(NC(=C1C(=O)C)C)C(=O)NC2CCCCC2,Inactive,0,,,,,,,-0.25,3044,5.1973,93.261
643,17403439,704848,CC1=CC(=NC=C1)N2C(=O)C3=C4C(=C(C=C3)[N+](=O)[O-])C=CC=C4C2=O,Active,30,,,,,,,0.09,350,3.7266,298.51
644,26728771,564008,C1C(N(N=C1C2=CC=C(C=C2)[N+](=O)[O-])C3=CC=CC=C3)C4=CC=CO4,Active,30,,,,,,,0.17,3175,5.3319,343.43
645,842450,644715,CCCN1C(=NN=C1SCC(=O)NC2CCCCC2)C3=CC=NC=C3,Inactive,0,,,,,,,-0.25,2955,5.1697,92.067
646,17511612,3837555,CC1=CC=C(C=C1)N2C(=O)C3C(C2=O)N(N=C3C(=O)C4=CC=CC=C4)C5=CC=CC=C5,Inactive,41,,,>,16,,,-0.25,2976,5.2255,92.677
647,14726239,752592,CCOC1=CC=C(C=C1)NC(=O)CN2C3=CC=CC=C3OC2=O,Inactive,0,,,,,,,-0.25,3066,5.2573,92.706
648,14739266,702036,C1CC2=C(C3=NC4=CC=CC=C4N3C(=C2C1)N5C=NC6=CC=CC=C65)C#N,Inactive,0,,,,,,,-0.25,3105,5.2231,94.499
649,26661354,6105451,CCC(C)N1C(=O)/C(=C/C2=C(N=C3C=CC(=CN3C2=O)C)N4CCNC(=O)C4CC(=O)OCC)/SC1=S,Active,30,,,,,,,-0.02,2956,5.346,232.59
650,24825581,3578288,COC1=CC=CC=C1NC(=O)COC(=O)C2CC3CC2C=C3,Inactive,0,,,,,,,-0.25,2990,5.1301,91.766
651,22403488,135458258,CC1=CC=C(C=C1)N2C(=C(C3=CC=CC=C3C2=O)/C=N/NC(=O)C4COC5=CC=CC=C5O4)O,Inactive,0,,,,,,,-0.25,2872,5.147,92.156
652,14743301,5911124,CCCOC1=CC=C(C=C1)C2=NN(C=C2/C=C\3/C(=O)N(C(=S)S3)C4CCS(=O)(=O)C4)C5=CC=CC=C5,Inactive,0,,,,,,,-0.23,2830,5.2071,104.49
653,14726339,2950078,CC1=CC(=C(S1)C)C2C(=C(OC3=NNC(=C23)C)N)C#N,Inactive,0,,,,,,,-0.25,3006,5.2474,91.951
654,17431564,5759278,CN\1CCS/C1=C/C=C/2\C(=O)N(C(=S)S2)CC3=CC=CC=C3,Active,56,,,=,8.87,0.296,1.93,-0.1,2974,5.2195,184.72
655,26658692,6150224,C1=CC=C2C(=C1)C=CC(=N2)/C=C/C(=O)C3=C(C=CC(=C3)Br)O,Inactive,0,,,,,,,-0.24,2619,5.2627,100.58
656,22405568,15945072,C\1CC(=C(/C1=C\C2=CC=C(C=C2)Cl)N3CCOCC3)/C=C(\C#N)/C(=O)NC4=CC=CC=C4F,Inactive,0,,,,,,,-0.24,3011,5.1804,102.07
657,848360,650806,C1=CC=NC(=C1)C2=NC3=C(O2)C=CC(=C3)Cl,Inactive,0,,,,,,,-0.24,2945,5.1812,97.731
658,7975905,1122250,CC1=CC=CC=C1C2=NN=C(O2)C3=CC=C(C=C3)Cl,Inactive,0,,,,,,,-0.26,2820,5.6488,91.115
659,17515143,5809532,CC1=CC(=CC=C1)NC(=O)/C=C/C2=CC=C(S2)[N+](=O)[O-],Active,30,,,,,,,0.41,244,3.6828,487.14
660,17508583,12004724,CCN\1C2=CC=CC=C2S/C1=C\C3=[N+](C4=C(C=C3)C=C(C=C4)C)CC.[I-],Active,30,,,,,,,1.64,190,3.6522,1220.4
661,24809625,5759277,CCCCN1C(=O)/C(=C/C=C\2/N(CCS2)C)/SC1=S,Active,57,,,=,6.67,0.299,2.19,-0.16,2933,5.1912,148.72
662,24827081,2452101,CN\1C(=O)CS/C1=C\C(=O)NC2=CC=CC=C2OC,Inactive,0,,,,,,,-0.25,2995,5.2269,91.818
663,4264785,2965114,CC1=CC(=NN1C(=O)CCC2COC3=CC=CC=C3O2)C,Inactive,0,,,,,,,-0.25,2945,5.062,93.242
664,17410523,1471864,CC1=C(C(=NO1)C)CS(=O)(=O)C2=CC=C(C=C2)Br,Inactive,0,,,,,,,-0.26,2896,5.2596,90.25
665,17515082,6379206,CC1=CC(=CC(=C1)NC(=O)/C=C/C2=CC=C(S2)[N+](=O)[O-])C,Active,30,,,,,,,0.02,960,5.6063,255.14
666,14720558,135464648,CCCCCCC1=C(C=C2C(=C1)C=C(C(=O)O2)C3=NN=C(O3)C4=CC(=C(C(=C4)OC)OC)OC)O,Inconclusive,15,,,,,,,-0.2,2771,5.3707,125.07
667,17504456,1973785,CCN(CC)C1=CC2=C(C=C1)C=C(C(=O)O2)C3=NC(=CS3)C4=CC=C(C=C4)OC,Inactive,41,,,>,16,,,6.32,2750,5.264,4013.6
668,14741000,1960346,CC1=C(C(=O)N2C(=N1)N=C(N2)NCC3=CC=CC=C3OC)CC(=O)OC,Inactive,0,,,,,,,-0.26,3049,5.2349,90.472
669,24817456,5706892,CC1=NOC(=C1[N+](=O)[O-])/C=C/NC2=CC=CC=C2OC,Active,57,,,=,7.9,0.178,1.35,-0.11,3145,5.2838,175.49
670,24815421,7119106,C1=CC=C(C=C1)C2=NC(=CS2)CCNC(=O)C3=CC=CC=C3F,Inactive,0,,,,,,,-0.25,3014,5.3171,92.421
671,24782345,5993604,C1COCCN1C2=NC(=C(S2)/C=N/NC3=C(C=C(C=C3)[N+](=O)[O-])S(=O)(=O)NC4=CC=CC=C4Cl)C5=CC=CC=C5,Active,30,,,,,,,0.01,144,3.4914,247.28
672,14720688,135473386,CCCCCCC1=C(C=C2C(=C1)C=C(C(=O)O2)C3=NN=C(O3)C4=CC=CC=C4OC)O,Inactive,0,,,,,,,-0.21,2634,5.9233,116.54
673,14736793,1904847,CC1=C(C(=O)N(N1)C2=CC=C(C=C2)[N+](=O)[O-])C=NCCN3CCN(CC3)C(=O)C4=CC=CC=C4F,Inactive,0,,,,,,,-0.26,3096,5.069,90.841
674,22404995,15945027,CCOC(=O)C[N+]1=C(C2=CC=CC=C2C=C1)CC3=CC=CC=C3.[Cl-],Inconclusive,15,,,,,,,-0.2,2994,5.2502,125.52
675,844731,5939372,COC(=O)C1=C(N2C(=C(C1C3=CN=CC=C3)C(=O)OC)S/C(=C\C4=CN=CC=C4)/C2=O)N,Inactive,0,,,,,,,-0.25,2641,4.9505,97.185
676,14722575,1466061,CCOC1=CC2=C(C=C1)NC(=O)C(=C2)CN(CCC3=CC=CC=C3)C(=O)N4CCOCC4,Inactive,0,,,,,,,-0.26,3100,5.2261,90.377
677,24835130,2525873,CC1=CC(=C(C=C1Cl)OC)NC(=O)CN(C)CC2=C(C(=CC=C2)OC)OC,Inactive,0,,,,,,,-0.26,2911,5.3569,90.635
678,14744888,5216028,CCS(=O)(=O)C1=CC2=C(C=C1)OC(=N2)SCC(=O)NC3CCCC(C3C)C,Inactive,0,,,,,,,-0.26,2948,5.267,91.7
679,24802617,2227542,CC1(CC2=CC(=C(C=C2C3=CC(=O)C(=O)N31)OC)OC)C,Active,57,,,=,5.78,0.323,2.06,-0.21,2990,5.2385,118.21
680,7966260,823260,CC1=C(C2=CC=CC=C2N1)CC3=NN=C(O3)SCC(=O)N,Inactive,0,,,,,,,-0.26,2782,5.2634,90.01
681,22406293,2342228,COC1=CC=C(C=C1)N(CCN2C(=O)C3=CC=CC=C3C2=O)C(=O)C4=CC(=CC=C4)[N+](=O)[O-],Inactive,0,,,,,,,-0.25,2794,5.1922,91.978
682,24821031,5524036,COC(=O)C1=C(OC(=O)C(=C1)NC(=O)C2=CC=CC=C2)/C=C/NC3=CC=C(C=C3)OC4=CC=CC=C4,Active,30,,,,,,,0.11,3070,5.1884,307.97
683,4243647,3238340,COC1=CC=C(C=C1)C2C(CCC(=O)N2C3=CC=C(C=C3)OC)C(=O)N4CCOCC4,Inactive,0,,,,,,,-0.26,3020,5.4021,88.773
684,857352,135449555,CCCCCCC1=C(C=C2C(=C1)C=C(C(=O)O2)C3=NN=C(O3)C4=CC=CC=C4O)O,Inactive,0,,,,,,,-0.21,2759,5.4381,116.32
685,17403626,135510966,C1=CC=C(C=C1)/C=C\2/C(=O)N/C(=N/NC3=CC=CC=C3)/S2,Inactive,0,,,,,,,-0.26,3086,5.3833,88.53
686,3714916,727137,C1C=C(NC2=NN=NN21)C3=CC=CC=C3,Inactive,0,,,,,,,-0.26,3169,5.2656,88.746
