PUBCHEM_RESULT_TAG,PUBCHEM_SID,PUBCHEM_CID,PUBCHEM_EXT_DATASOURCE_SMILES,PUBCHEM_ACTIVITY_OUTCOME,PUBCHEM_ACTIVITY_SCORE,PUBCHEM_ACTIVITY_URL,PUBCHEM_ASSAYDATA_COMMENT,kMESF_SPAN,KMESF_33.0_MICROM (33.0uM),KMESF_11.2_MICROM (11.2uM),KMESF_3.7_MICROM (3.7uM),KMESF_1.23_MICROM (1.23uM),KMESF_0.41_MICROM (0.41uM),KMESF_0.13_MICROM (0.13uM),KMESF_0.05_MICROM (0.05uM),KMESF_0.01_MICROM (0.01uM),KMESF_0.005_MICROM (0.005uM),KMESF_0_MICROM (0uM)
RESULT_TYPE,,,,,,,,FLOAT,FLOAT,FLOAT,FLOAT,FLOAT,FLOAT,FLOAT,FLOAT,FLOAT,FLOAT,FLOAT
RESULT_DESCR,,,,,,,,Magnitude of emission change from DMSO control to 33 mircroM test compound,Median channel fluorescence measured with 33.0 micromolar concentration of test compound,Median channel fluorescence measured with 11.2 micromolar concentration of test compound,Median channel fluorescence measured with 3.7 micromolar concentration of test compound,Median channel fluorescence measured with 1.23 micromolar concentration of test compound,Median channel fluorescence measured with 0.41 micromolar concentration of test compound,Median channel fluorescence measured with 0.13 micromolar concentration of test compound,Median channel fluorescence measured with 0.05 micromolar concentration of test compound,Median channel fluorescence measured with 0.01 micromolar concentration of test compound,Median channel fluorescence measured with 0.005 micromolar concentration of test compound,Median channel fluorescence measured with no test compound
RESULT_UNIT,,,,,,,,NONE,PERCENT,PERCENT,PERCENT,PERCENT,PERCENT,PERCENT,PERCENT,PERCENT,PERCENT,PERCENT
RESULT_ATTR_CONC_MICROMOL,,,,,,,,,33,11.2,3.7,1.23,0.41,0.13,0.05,0.01,0.005,0
1,842230,644485,C1=CC=C(C=C1)N2C(=O)C(=C(C2=O)Cl)NC3=CC=CC=C3O,Inactive,0,,,0.1,3.61,3.51,3.51,3.61,3.51,3.51,3.51,3.41,,3.51
2,842629,644901,C1=CC=C(C=C1)NCC2=C3C=CC=NC3=C(C=C2)O,Inactive,0,,,0.4,3.84,3.64,3.74,3.64,3.54,3.54,3.54,3.44,,3.44
3,843526,645818,COC1=CC=CC2=C1NC=C(C2=O)C(=O)NCC3=CC=CS3,Inactive,1,,,0.5,3.94,4.15,4.05,4.15,3.64,3.54,3.54,3.54,,3.44
4,844176,54687454,CCCC1=NN=C(S1)NC(=O)C2=C(C3=CC=CC4=C3N(C2=O)CCC4)O,Inactive,4,,,3.84,7.08,6.27,3.03,2.93,3.03,3.14,3.14,3.14,,3.24
5,844793,54679396,CCC1=NC2=CC=CC=C2C(=O)N1NC(=O)C3=C(C4=CC=CC5=C4N(C3=O)CCC5)O,Inactive,2,,,2.22,5.66,5.46,3.34,3.34,3.34,3.44,3.44,3.54,,3.44
6,845800,648162,C1=CC2=C(C(=C1)OC(=O)C3=CC=C(O3)Br)N=CC=C2,Inactive,0,,,0.21,3.24,3.24,3.34,3.34,3.34,3.24,3.24,3.24,,3.03
7,847306,649707,CN1C2=C(C=C(C=C2)OC)C3=C1N=C(N=N3)SC,Inactive,1,,,0.7,4.51,4.51,4.31,4.01,3.91,3.91,3.91,3.91,,3.81
8,848292,54676097,CC(C)CN1C2=CC=CC=C2C(=C(C1=O)C(=O)NC3=CC=NC=C3)O,Inactive,2,,,2.04,5.2,3.16,3.06,3.26,3.26,3.37,3.26,3.37,3.37,3.16
9,848472,6603466,C1=CC=C(C=C1)COCC2=C3C=CC=NC3=C(C=C2)O.Cl,Inactive,0,,,0.4,3.91,3.71,3.71,3.71,3.61,3.61,3.61,3.51,,3.51
10,852129,54692915,CCN1C2=CC=CC=C2C(=C(C1=O)C(=O)NC3=NC4=CC=CC=C4N3)O,Inactive,4,,,4.44,7.46,4.74,4.23,3.53,2.72,2.62,2.82,2.92,2.82,3.02
11,852693,655327,CC1=CC(=O)N2C3=C(C(=O)N(C3=O)CC4=CC=CC=C4)SC2=N1,Inactive,1,,,1.02,4.39,3.26,3.16,3.16,3.26,3.47,3.37,3.47,3.47,3.37
12,855601,2788,C1=CC2=C(C(=C(C=C2Cl)I)O)N=C1,Inactive,2,,,2.12,5.66,5.66,4.96,3.94,3.84,3.74,3.64,3.64,,3.54
13,855609,3728,C1=CC2=C(C(=C(C=C2I)I)O)N=C1,Inactive,1,,,1.21,4.75,4.55,4.25,4.15,3.84,3.84,3.74,3.64,,3.54
14,856564,657917,CC1=CC(=CC=C1)OCCN2CN(C(=S)SC2)C,Inactive,0,,,0.3,3.67,3.47,3.47,3.47,3.47,3.47,3.47,3.47,3.47,3.37
15,857378,658724,CC(=O)OC1=C(N=C(O1)C2=CC=CC=C2)C=NC3=CC=CC=C3OC,Inactive,0,,,-0.7,2.52,2.62,2.72,2.82,2.92,3.12,2.92,3.22,3.22,3.22
16,857427,658778,CCOC(=O)C1=CC=C(C=C1)N=CC2=C(OC(=N2)C3=CC=CC=C3)OC(=O)C,Inactive,1,,,0.51,3.53,2.92,2.72,2.92,3.02,3.02,2.92,3.12,3.02,3.02
17,857616,658964,CCC(=O)OC1=C(N=C(O1)C2=CC=CC=C2)C=NC3=CC=CC=C3OC,Inactive,0,,,0,3.02,2.72,3.02,3.02,3.02,3.02,3.12,3.32,3.02,3.02
18,857738,659095,C1=CC=C(C=C1)N=CC2=C(OC(=N2)C3=CC=CO3)OC(=O)C4=COC=C4,Inactive,0,,,-9.58,3.37,3.47,3.57,3.77,4.08,4.59,5.51,7.04,9.18,12.95
19,859055,660360,C1CN(CCN1CC2=CC=CC=C2)C3=C(C(=O)N(C3=O)C4=CC=CC=C4)Cl,Inactive,0,,,-0.1,3.41,3.51,3.51,3.61,3.41,3.51,3.51,3.51,,3.51
20,859281,660579,C1=CC=C2C(=C1)N(C(=O)C(=[N+]2[O-])C3=CC=C(C=C3)Cl)O,Inactive,2,,,1.62,4.74,3.73,3.83,3.43,3.02,2.92,2.82,3.02,2.92,3.12
21,859533,660829,C1=CC=C(C=C1)N=CC2=C(OC(=N2)C3=CC=CO3)OC(=O)C4=CC=CO4,Inactive,0,,,0.3,3.12,3.02,3.22,3.02,3.22,3.22,3.43,3.12,3.32,2.82
22,859801,5389291,CN(/C=C\1/C=CC2=CC=CC(=O)C2=N1)O,Inactive,0,,,0.21,3.47,3.67,3.37,3.37,3.37,3.26,3.26,3.47,3.26,3.26
23,861279,2019063,COC1=CC=CC=C1C2=NN3C(=O)/C(=C/C4=CC=CS4)/SC3=N2,Inactive,0,,,0.4,3.64,3.54,3.34,3.24,3.24,3.34,3.24,3.24,,3.24
24,864052,665303,C1=CC=C2C(=C1)N=C3N2C4=C(S3)C(=O)N(C4=O)C5=CC=CC=C5Cl,Inactive,2,,,1.92,5.46,4.15,3.44,3.44,3.44,3.64,3.64,3.64,,3.54
25,865040,666286,CCCC1=NC2=C(C(=NN2C(=C1)N3CCN(CC3)C4=CC=CC=N4)C)C5=CC=CC=C5,Inactive,0,,,0,3.12,2.92,3.12,3.02,3.02,3.12,3.12,3.22,3.02,3.12
26,3711096,2121806,CCSC1=NN=C(S1)NC(=O)C2=CC=CC=N2,Inactive,1,,,0.51,3.88,3.26,3.47,3.47,3.37,3.37,3.37,3.26,3.26,3.37
27,3711742,70848,C1=CC=NC(=C1)C2=NC(=CC=C2)C3=CC=CC=N3,Inactive,1,,,0.61,4.08,3.26,3.06,3.26,3.26,3.16,3.16,3.37,3.26,3.47
28,3712778,2998156,C1CC(OC1)CN(CCS(=O)(=O)C(F)(F)F)CCS(=O)(=O)C(F)(F)F,Inactive,1,,,0.62,3.88,3.37,3.26,3.26,3.37,3.37,3.26,3.47,3.26,3.26
29,3713078,2998271,CC(C)(C)C1=CC(=CC(=C1O)C(C)(C)C)C(C2=CN=CC=C2)N3CCN(CC3)CCO,Inactive,24,,,23.58,26.7,3.43,3.22,2.92,3.22,3.12,3.12,3.12,2.92,3.12
30,3713285,2998355,C1=CC=C2C(=C1)N=C(S2)NC(C3=C(C4=C(C=CC=N4)C=C3)O)C5=CC=CO5,Inactive,0,,,0.3,3.91,3.71,3.71,3.61,3.51,3.51,3.61,3.61,,3.61
31,3716491,2334417,C1CN(CCN1C(=O)COC(=O)C2=CC(=NC3=CC=CC=C32)C4=CC=C(C=C4)F)C(=O)C5=CC=CO5,Inactive,0,,,-0.1,3.54,3.34,3.44,3.44,3.54,3.64,3.64,3.64,,3.64
32,3717452,2366734,C1CN(CCN1C(=O)COC(=O)C2=CC(=NC3=CC=CC=C32)C4=CC=CC=C4)C(=O)C5=CC=CO5,Inactive,0,,,0.1,3.61,3.61,3.61,3.51,3.61,3.61,3.61,3.51,,3.51
33,4241889,3236803,CS(=O)(=O)C1=NC(=CC(=N1)C(F)(F)F)C2=CC=CC=C2,Inactive,1,,,0.51,3.73,3.12,3.63,3.43,3.43,3.12,3.32,3.22,3.12,3.22
34,4242143,678099,C1CCN(CC1)CC2=CC(=C3C=CC=NC3=C2O)Br,Inactive,1,,,1.11,4.33,3.22,3.32,3.22,3.12,3.12,3.02,3.12,2.92,3.22
35,4243141,754606,C1=CC=C2C(=C1)C=CC=C2/C=C\3/C(=O)N4C(=NC=N4)S3,Inactive,1,,,0.81,3.73,3.73,3.53,3.22,3.02,3.12,3.02,3.12,3.12,2.92
36,4243701,754587,CC(=O)OC1=CC=C(C=C1)/C=C\2/C(=O)N3C(=NC=N3)S2,Inactive,1,,,0.5,4.11,3.71,3.51,3.51,3.51,3.61,3.61,3.71,,3.61
37,4244268,1177169,CC1=CC=C(C=C1)N2C(=O)C(=C(C2=O)Cl)NC3=C(N(N(C3=O)C4=CC=CC=C4)C)C,Inactive,0,,,0.3,3.64,3.54,3.64,3.64,3.54,3.54,3.54,3.64,,3.34
38,4244856,715724,COC1=CC(=CC(=C1)N=C2C(=NSS2)Cl)OC,Inactive,1,,,1.01,4.45,4.35,4.05,3.94,3.54,3.64,3.54,3.44,,3.44
39,4246251,3240629,COC1=C2C(=CC=C1)SC(=N2)NC3=NC(=CS3)C4=CC=CC=N4,Inactive,1,,,0.81,4.13,3.73,3.53,3.32,3.43,3.22,3.43,3.32,3.32,3.32
40,4246543,6510965,CCOC1=CC=CC=C1/C=C\2/C(=O)N3C(=NC=N3)S2,Inactive,1,,,0.91,4.05,3.34,3.14,3.14,3.14,3.24,3.24,3.24,,3.14
41,4247038,1177170,CC1=C(C(=O)N(N1C)C2=CC=CC=C2)NC3=C(C(=O)N(C3=O)C4=CC=C(C=C4)OC)Cl,Inactive,0,,,0.4,4.11,3.41,3.51,3.51,3.61,3.61,3.61,3.61,,3.71
42,4251553,5286934,CCCCS(=O)(=O)/C=C\C=C/S(=O)(=O)CCCC,Inactive,1,,,1,4.91,4.31,4.01,3.91,3.91,3.91,3.71,3.91,,3.91
43,4251594,3245258,CS(=O)(=O)C1=NC(=CC(=N1)C(F)(F)F)C2=CC=CS2,Inactive,1,,,0.61,3.63,3.12,3.12,2.92,3.02,3.02,3.02,3.12,2.92,3.02
44,4251992,3245603,CCOC1=C(C=C(C=C1)C(=O)C)N2C(=O)C3C4C=CC(C3C2=O)O4,Inactive,1,,,0.51,3.73,3.32,3.12,3.22,3.22,3.22,3.22,3.22,3.22,3.22
45,4254500,972317,CC1=NC(=CC=C1)NC2=NC(=CS2)C3=CC=CC=N3,Inactive,1,,,1,4.61,4.11,3.61,3.71,3.51,3.61,3.71,3.51,,3.61
46,4256791,972417,C1=CC=NC(=C1)C2=CSC(=N2)NC3=CN=CC=C3,Inactive,0,,,0,3.91,3.91,4.01,4.01,3.81,4.01,3.91,3.91,,3.91
47,4258029,701067,C1=CC=C2C(=C1)C(=CS2(=O)=O)SC3=NC4=CC=CC=C4S3,Inactive,0,,,0.2,3.74,3.74,3.74,3.74,3.64,3.64,3.64,3.64,,3.54
48,4260301,754503,COC1=CC=C(C=C1)C2=CC3=C(S2)C(=O)N4CCCC4=N3,Inactive,1,,,0.5,3.84,3.64,3.64,3.54,3.54,3.54,3.44,3.44,,3.34
49,4263828,2219262,CCOC(=O)CCS(=O)(=O)C1=NC(=CC(=N1)C(F)(F)F)C2=CC=CC=C2,Inactive,0,,,0.4,3.83,3.32,3.32,3.22,3.43,3.22,3.12,3.22,3.12,3.43
50,4264192,1266914,CC1=NN2C(=NN=C2C3=CC=CC=C13)C4=CC=NC=C4,Inactive,0,,,0.3,3.74,3.54,3.34,3.44,3.54,3.54,3.54,3.54,,3.44
51,4264556,750731,CC1=CC=C(O1)/C=C\2/C(=O)N3C(=NC(=N3)C4=CC=CS4)S2,Inactive,1,,,1.4,4.91,3.81,3.61,3.51,3.41,3.41,3.51,3.41,,3.51
52,4265380,2980973,CCOC(=O)CS(=O)(=O)C1=NC(=CC(=N1)C(F)(F)F)C2=CC=C(C=C2)F,Inactive,1,,,0.51,3.77,3.47,3.26,3.26,3.26,3.37,3.26,3.37,3.26,3.26
53,4265676,2215161,CCCS(=O)(=O)C1=NN=NN1C2=CC(=CC=C2)OC,Inactive,2,,,2.04,5.51,3.98,3.98,3.67,3.57,3.47,3.57,3.57,3.47,3.47
54,7964739,5307202,C1=CC=C(C=C1)NC(=O)CSC2=NS(=O)(=O)C3=CC=CC=C32,Inactive,1,,,0.5,3.71,3.41,3.51,3.51,3.51,3.51,3.41,3.41,,3.21
55,7965645,2948236,C1CC(N(C1)S(=O)(=O)C2=CC=C(C=C2)F)C(=O)NC3=CC=C(C=C3)O,Inactive,0,,,0,3.44,3.54,3.44,3.54,3.44,3.54,3.54,3.44,,3.44
56,7967797,1151859,CCOC(=O)CS(=O)(=O)C1=NC(=CC(=N1)C(F)(F)F)C2=CC=CC=C2,Inactive,0,,,0.41,3.43,3.02,2.82,2.92,2.92,2.92,2.92,3.02,2.92,3.02
57,7969925,3315017,C1=CC=C(C(=C1)C(=O)NC2=NN=C(O2)C3=CC=C(C=C3)Cl)Br,Inactive,1,,,0.5,4.21,3.91,3.81,3.81,3.81,3.81,3.81,3.91,,3.71
58,7970587,4357675,C1C(OC2=CC=CC=C2O1)C(=O)NC3=NC(=CS3)C4=CC=CC=N4,Inactive,1,,,0.8,4.71,3.61,3.81,3.81,3.91,3.81,3.91,3.81,,3.91
59,7970739,2501832,C1=CC=C(C=C1)S(=O)(=O)CCC(=O)NC2=NC(=CS2)C3=CC=CC=N3,Inactive,0,,,-0.1,3.51,3.41,3.51,3.61,3.51,3.51,3.61,3.41,,3.61
60,7971163,697710,C1=CC=C(C=C1)N2C3=NC=NC(=C3C=N2)NC4=CC(=CC=C4)F,Inactive,0,,,0,3.44,3.54,3.64,3.64,3.54,3.54,3.44,3.44,,3.44
61,7971643,3623511,COC1=CC=CC(=C1)C(=O)NC2=NN=C(O2)C3=CC=C(C=C3)Cl,Inactive,1,,,0.8,4.71,4.31,4.01,4.11,3.91,3.91,4.01,4.01,,3.91
62,7972135,2899176,C1=CC=C(C=C1)C2=CC=C(C=C2)N3C(=O)C4C5C=CC(C4C3=O)(O5)CO,Inactive,1,,,0.71,3.93,3.93,3.22,3.12,3.12,3.02,3.12,2.92,3.22,3.22
63,7972470,2911166,C1=CC=C(C=C1)C2=CC=CC=C2N3C(=O)C4C5C=CC(C4C3=O)(O5)CO,Inactive,5,,,4.89,7.85,3.98,3.26,3.06,3.16,3.26,3.16,3.16,3.16,2.96
64,7972569,2860951,CC12C=CC(O1)(C3C2C(=O)N(C3=O)C4=CC(=C(C=C4)Cl)C(=O)OC)C,Inactive,0,,,0.2,3.57,3.67,3.26,3.16,3.26,3.37,3.47,3.37,3.37,3.37
65,7974422,2918437,COC1=CC(=C(C=C1)N2C(=O)CC(C2=O)SC3=NC=NN3)OC,Inactive,1,,,0.61,3.63,3.43,3.22,3.12,3.12,3.12,3.12,3.22,3.12,3.02
66,7975088,1184791,CC1=CC=CC=C1N2C(=O)C(=C(C2=O)Cl)N3CCN(CC3)C4=CC=CC=C4,Inactive,0,,,0.1,3.61,3.61,3.51,3.51,3.61,3.61,3.51,3.61,,3.51
67,7975098,2232554,CC1=C(C(=NN1)C)CCCOC2=CC=CC=C2OC,Inactive,2,,,2.02,5.04,5.14,3.43,3.02,3.12,2.92,3.02,3.02,2.82,3.02
68,7975741,2861679,CC(=O)OC1=CC=C(C=C1)N2C(=O)C3C4C=CC(C3C2=O)O4,Inactive,0,,,0.1,3.02,3.02,3.02,3.02,2.92,3.12,3.02,3.12,3.12,2.92
69,7976613,1239154,CC(=O)C1=CC(=C(C=C1)N2CCN(CC2)C(=O)C3=CC=C(C=C3)Br)F,Inactive,2,,,1.92,4.84,3.73,3.02,2.82,2.92,2.92,2.92,3.02,2.92,2.92
70,7977061,1177165,CC1=C(C(=O)N(N1C)C2=CC=CC=C2)NC3=C(C(=O)N(C3=O)C4=CC=CC=C4)Cl,Inactive,0,,,0.4,3.91,3.51,3.51,3.51,3.51,3.51,3.61,3.51,,3.51
71,7977150,94381,CCN(CC)C1=CC2=C(C=C1)C=C(C(=O)O2)C3=NC4=CC=CC=C4N3,Inactive,5,,,4.69,7.75,4.28,3.57,3.37,3.37,3.26,3.06,3.16,3.16,3.06
72,7977221,2056395,CCCCC1=CC=C(C=C1)NC(=O)CC(=O)C,Inactive,0,,,0,3.24,3.34,3.24,3.24,3.14,3.24,3.24,3.24,,3.24
73,7977385,749766,C1COCCN1C(=O)OC2=C3C=CC(=CC3=NC=C2)Cl,Inactive,0,,,0,3.54,3.54,3.64,3.64,3.74,3.54,3.54,3.54,,3.54
74,7977555,876015,CCC(=O)NC1=CC=C(C=C1)NC(=O)C2=CC3=CC=CC=C3O2,Inactive,0,,,0.2,3.61,3.61,3.51,3.61,3.61,3.51,3.41,3.41,,3.41
75,7977827,2147354,CN\1C2=C(C=C(C=C2)OC)S/C1=C\C(=O)C3=CC=NC=C3,Inactive,1,,,0.81,4.05,3.64,3.34,3.24,3.24,3.24,3.34,3.24,,3.24
76,7978061,2928644,C1CCCN(CC1)C(=O)OC2=C3C=CC(=CC3=NC=C2)Cl,Inactive,0,,,0.2,3.32,3.43,3.32,3.32,3.43,3.32,3.22,3.32,3.22,3.12
77,11532939,19910,C1=CC2=C(C=CC(=C2N=C1)O)[N+](=O)[O-],Inactive,1,,,1.31,5.04,4.03,3.12,3.12,3.02,3.43,3.43,3.32,3.53,3.73
78,14719329,37839,C[C@]12C[C@]1(C(=C[C@H]3[C@@H]2CC(C3)(C)C)C=O)C=O,Inactive,1,,,1.4,5.31,5.21,5.11,4.51,4.11,3.91,4.01,4.01,,3.91
79,14720808,786781,COC1=CC=CC=C1N2C(=O)C3=C4C(=C(C=C3)C(=O)O)C=CC=C4C2=O,Inactive,0,,,0.2,3.12,2.92,3.12,3.02,3.02,3.22,2.92,3.02,2.92,2.92
80,14721281,1933256,C1=CC=C(C=C1)/C=C/C(=O)NC(=S)NNC(=O)CC2=CC=CS2,Inactive,0,,,0.2,3.64,3.54,3.54,3.44,3.44,3.44,3.44,3.44,,3.44
81,14721315,1847696,C1=COC(=C1)C(=O)NNC(=S)NC(=O)/C=C/C2=CC=C(C=C2)Br,Inactive,1,,,1.11,4.45,4.75,4.25,4.05,3.74,3.64,3.54,3.44,,3.34
82,14721393,1108212,CC1=C(C(=NN1C)C)N2C(=O)C3=C4C(=C(C=C3)Br)C=CC=C4C2=O,Inactive,0,,,-0.2,2.92,3.12,3.12,3.32,3.12,3.22,3.12,3.12,3.22,3.12
83,14721523,700833,C1=CC2=C(C(=C(C=C2Cl)Cl)OC(=O)C3=CC=CS3)N=C1,Inactive,1,,,0.81,4.35,3.54,3.54,3.64,3.54,3.64,3.54,3.54,,3.54
84,14722182,5731123,CCN1C(=NC2=CC=CC=C2C1=O)/C=C/C3=CC=C(O3)[N+](=O)[O-],Active,100,,,107.8,111.02,24.08,11.38,6.85,5.54,3.63,3.32,3.22,3.12,3.22
85,14723000,3152412,CC1=C(C(=O)NN1)C(C2=CC=C(O2)C3=CC=C(C=C3)Cl)C4=C(NNC4=O)C,Inactive,0,,,0.2,3.22,3.12,3.12,3.02,3.02,3.12,3.12,3.12,3.22,3.02
86,14723055,2927418,CC1=C(C(=O)NN1)C(C2=CC=C(O2)C3=CC(=C(C=C3)Cl)Cl)C4=C(NNC4=O)C,Inactive,0,,,-1.43,3.16,3.26,3.26,3.37,3.37,3.26,3.47,3.57,3.88,4.59
87,14723062,1092071,CCOC1=CC=C(C=C1)N2C(=O)C(=C(C2=O)Cl)NC3=CC=CC=C3O,Inactive,0,,,0.2,3.61,3.61,3.41,3.51,3.41,3.51,3.51,3.51,,3.41
88,14723512,1796110,CCCCNC1=C2C3=CC=CC=C3C(=O)C4=C2C(=CC=C4)N(C1=O)C,Inactive,0,,,0.2,3.71,3.61,3.51,3.51,3.61,3.61,3.51,3.61,,3.51
89,14724145,627326,C1=CC=C2C(=C1)C(=O)C3=C(C=CC(=C3C2=O)Br)N,Inactive,0,,,0.1,3.81,3.71,3.71,3.61,3.71,3.71,3.71,3.71,,3.71
90,14724991,686057,C1=CC2=C(C(=C(C=C2Cl)Cl)OC(=O)C3=CC=CO3)N=C1,Inactive,1,,,1.31,4.23,3.32,2.92,3.02,3.02,3.12,3.12,3.12,2.92,2.92
91,14725477,5759185,CC(C)(C)C(=O)/C(=C\C1=CC(=CC=C1)[N+](=O)[O-])/N2C=NC=N2,Inactive,1,,,0.7,4.41,3.61,3.41,3.51,3.51,3.71,3.71,3.71,,3.71
92,14726352,972880,CC1=C(N=CC=C1)NC2=NC(=CS2)C3=CC=CC=N3,Inactive,2,,,2,5.81,5.41,4.71,4.51,4.41,4.31,4.11,4.01,,3.81
93,14726720,2873851,CC1=C(C=C(C=C1)N2C(=O)CC(C2=O)SC3=NC=NN3)C,Inactive,0,,,-0.1,3.02,2.82,3.02,2.92,2.82,3.12,2.82,3.12,2.92,3.12
94,14727349,1790614,C1=CC=C(C=C1)OCC(=O)NNC(=S)NC(=O)C2=C(C=C(C=C2)Cl)Cl,Inactive,1,,,1.41,4.75,5.26,4.35,3.84,3.54,3.54,3.54,3.54,,3.34
95,14727531,691683,C1=CC(=CC=C1N=C2C(=NSS2)Cl)Cl,Inactive,2,,,1.84,5.1,4.18,3.67,3.37,3.26,3.26,3.26,3.37,3.37,3.26
96,14727809,900065,C1CC2=NC3=C(C(=O)N2C1)SC(=C3)C4=CC=CC=C4,Inactive,1,,,0.91,4.25,4.05,3.74,3.64,3.54,3.54,3.44,3.34,,3.34
97,14727948,5196974,CC1=C(C(=O)N(N1)C(=S)N)C(C2=CC=C(C=C2)OC)C(C#N)C#N,Inactive,0,,,0.41,3.47,3.57,3.26,3.06,3.06,3.06,3.16,3.26,3.16,3.06
98,14728254,5846194,CC\1=NN(C(=O)/C1=C\C2=CC(=C(C=C2Br)OC(C)C)OC)CCC#N,Inactive,0,,,-0.41,3.22,3.32,3.12,3.02,3.22,3.02,3.22,3.43,3.32,3.63
99,14729194,1474487,C1=CC=C(C(=C1)C(=O)OCN2C(=O)C(=C(C=N2)Br)Br)Cl,Inactive,0,,,0,3.47,3.16,2.96,3.06,2.96,2.96,3.26,3.26,3.37,3.47
100,14729238,1472216,COC1=NC=C(C=C1)NC(=O)/C(=C(\S(=O)CC2=CC=CC=C2)/Cl)/Cl,Inactive,1,,,1.11,4.03,3.53,3.12,3.12,2.92,3.22,3.12,3.02,3.12,2.92
101,14729594,1970162,C1=CC=C(C=C1)N2C3=C(C=N2)C(=O)N(C=N3)CC4=CC=CO4,Inactive,0,,,0.1,3.64,3.74,3.64,3.64,3.64,3.64,3.64,3.64,,3.54
102,14729820,1474490,C1=CC(=C(C(=C1)F)C(=O)OCN2C(=O)C(=C(C=N2)Br)Br)F,Inactive,0,,,0.31,3.57,3.16,3.06,3.06,3.06,3.16,3.26,3.26,3.26,3.26
103,14729821,1474489,C1=CC(=CC=C1C(=O)OCN2C(=O)C(=C(C=N2)Br)Br)F,Inactive,1,,,0.61,3.63,3.32,3.22,3.02,3.12,3.02,3.12,3.12,2.92,3.02
104,14730275,2199592,CC1=C2C(=CC=C1)/C(=C/C(=O)C3=CC=CS3)/C(=O)N2,Inactive,0,,,-0.11,3.32,3.43,3.32,3.12,3.22,3.22,3.22,3.43,3.32,3.43
105,14730424,1484340,C1=CC=C(C=C1)NN2C(=O)C=C(C2=O)C3=CC=C(C=C3)Cl,Inactive,0,,,0.3,3.81,3.61,5.01,3.71,3.41,3.51,3.31,3.61,,3.51
106,14730425,1484338,C1=CC=C(C=C1)C2=CC(=O)N(C2=O)NC3=CC=CC=C3,Inactive,0,,,-0.1,2.82,3.83,2.92,2.82,2.72,2.82,3.02,2.82,3.02,2.92
107,14730686,718925,COC1=CC=CC=C1NC2=C(C(=O)N(C2=O)C3=CC=CC=C3)Cl,Inactive,0,,,-0.21,3.94,3.94,3.84,3.94,3.94,3.94,3.94,4.05,,4.15
108,14730689,1177166,CC1=C(C(=O)N(N1C)C2=CC=CC=C2)NC3=C(C(=O)N(C3=O)C4=CC=CC=C4Cl)Cl,Inactive,0,,,0.1,3.44,3.44,3.54,3.54,3.44,3.54,3.44,3.44,,3.34
109,14730968,1263653,C1CN(CCN1CC2=CC(=C3C=CC=NC3=C2O)Cl)C4=CC=C(C=C4)F,Inactive,0,,,0.21,3.43,3.12,2.92,3.12,3.12,3.12,3.12,3.12,3.02,3.22
110,14731045,1185848,CC1=C(C(=CC=C1)N2C(=O)C(=C(C2=O)Cl)NC3=C(N(N(C3=O)C4=CC=CC=C4)C)C)C,Inactive,0,,,0.2,3.61,3.71,3.71,3.61,3.71,3.61,3.51,3.61,,3.41
111,14731075,5715188,CC(C)(C)C(=O)/C(=C/C1=CC(=CC=C1)[N+](=O)[O-])/N2C=NC=N2,Inactive,1,,,0.6,3.84,3.24,3.14,3.03,3.14,3.14,3.24,3.24,,3.24
112,14731096,5345584,CCC1=CC=C(C=C1)C(=O)/C=C/C2=CC=C(O2)[N+](=O)[O-],Inactive,4,,,4.23,7.35,5.54,4.23,3.53,3.22,3.02,3.02,3.02,3.12,3.12
113,14731184,5418650,CC1=CC(=C(C=C1)N/N=C(\C#N)/C(=S)N)C,Inactive,4,,,4.11,7.62,5.81,4.01,3.41,3.21,3.51,3.51,3.41,,3.51
114,14731466,5893661,C1=CC=C(C=C1)C(=O)O/N=C(/CC2=CC=C(C=C2)Cl)\N,Inactive,2,,,1.7,4.81,5.11,3.91,3.41,3.31,3.51,3.31,3.31,,3.11
115,14731481,2791448,C1=CC=C(C=C1)CCNC2=C(C(=O)N(C2=O)CCC3=CC=CC=C3)Cl,Inactive,0,,,0.1,3.71,3.61,3.71,3.61,3.61,3.61,3.51,3.61,,3.61
116,14731562,1306384,CC1=CC(=C(C(=C1)C)S(=O)(=O)N2CCC(CC2)C(=O)NCC3=C(C=C(C=C3)Cl)Cl)C,Inactive,0,,,0.2,3.84,3.94,3.64,3.54,3.64,3.74,3.64,3.64,,3.64
117,14731565,6343940,C1=CC=C(C=C1)/C(=N\S(=O)(=O)C2=CC=CC=C2)/SC3=CC=CC=C3,Inactive,0,,,0.1,3.22,3.12,2.82,3.02,3.02,2.92,3.12,3.02,3.12,3.12
118,14732327,5094315,CC1=CC=C(C=C1)NN2C(=O)C=C(C2=O)C3=CC=C(C=C3)Cl,Inactive,2,,,1.92,4.94,4.63,3.73,3.53,3.12,2.72,3.12,3.02,2.92,3.02
119,14732396,2199612,CC1=CC(=C2C(=C1)/C(=C/C(=O)C3=CC=C(S3)Br)/C(=O)N2)C,Inactive,0,,,-0.1,2.82,2.92,2.82,3.02,3.02,3.02,2.92,3.12,3.02,2.92
120,14733148,4054690,COC1=CC=C(C=C1)C2=CC(=NC(=N2)S(=O)(=O)C)C(F)(F)F,Inactive,1,,,0.62,3.88,3.57,3.47,3.57,3.37,3.37,3.37,3.37,3.37,3.26
121,14733800,781112,C1=CC=C(C=C1)C#CC(=O)C2=CC(=CC=C2)[N+](=O)[O-],Inactive,0,,,0.31,3.43,3.32,3.02,3.02,2.92,2.82,3.02,2.82,3.02,3.12
122,14734027,5547949,CC\1=C(C(=O)C=C/C1=N/OS(=O)(=O)C2=CC=CC=C2)C,Inactive,0,,,0.31,3.53,3.53,3.32,3.12,3.12,3.02,3.02,3.12,3.02,3.22
123,14734769,1581118,CC(=O)NN1C(=O)/C(=C/C2=CC=C(O2)Br)/SC1=S,Inactive,11,,,10.78,13.9,5.84,4.23,3.43,3.12,3.02,3.02,3.02,3.12,3.12
124,14735014,720315,COC1=CC=C(C=C1)N2C(=O)C(=C(C2=O)Cl)NCC3=CC=CC=C3,Inactive,0,,,-0.1,3.51,3.51,3.61,3.51,3.51,3.41,3.51,3.61,,3.61
125,14735118,2929750,COC1=C(C=C(C=C1)CCNC2=C(C(=O)N(C2=O)CCC3=CC(=C(C=C3)OC)OC)Cl)OC,Inactive,0,,,0.1,3.51,3.61,3.61,3.51,3.51,3.61,3.51,3.41,,3.41
126,14735741,5333955,C[N+]1=CC=C(C=C1)/C=C/C2=CC=C(C=C2)N(C)C.[I-],Inactive,11,,,11.02,14.18,8.87,7.34,5.92,4.9,4.28,3.98,3.57,3.47,3.16
127,14736780,2129554,C1=CC=C2C(=C1)N=C(O2)SC3=C(C=C(C=C3)[N+](=O)[O-])[N+](=O)[O-],Inactive,1,,,0.51,3.88,3.67,3.67,3.37,3.26,3.37,3.26,3.37,3.37,3.37
128,14736804,4617025,C1CCC2=C(C1)C=CC(=C2)C3=NN=C(O3)NC(=O)C4=C(C=C(C=C4)Cl)Cl,Inactive,0,,,0.41,4.05,4.45,4.05,3.64,3.64,3.54,3.54,3.64,,3.64
129,14738085,3323427,CCCCC1C(C2(C3CCCCC3(O1)OC2=N)C#N)(C#N)C#N,Inactive,0,,,0.31,3.37,3.37,3.37,3.26,3.26,3.47,3.37,3.37,3.26,3.06
130,14738603,715719,CC1=CC=C(C=C1)N=C2C(=NSS2)Cl,Inactive,1,,,0.8,4.21,3.81,3.51,3.41,3.41,3.41,3.51,3.41,,3.41
131,14738604,715698,C1=CC(=CC=C1C#N)N=C2C(=NSS2)Cl,Inactive,1,,,1.41,4.75,4.45,4.35,4.15,3.74,3.44,3.64,3.54,,3.34
132,14738605,602897,COC1=CC(=C(C=C1N=C2C(=NSS2)Cl)OC)Cl,Inactive,1,,,0.6,4.51,4.01,3.91,3.81,3.81,3.81,3.91,3.91,,3.91
133,14739211,977927,CCC1=CC\2=C(C=C1)NC(=O)/C2=C\C(=O)C3=CC=CS3,Inactive,0,,,0.11,3.43,3.53,3.43,3.12,3.22,3.22,3.32,3.43,3.43,3.32
134,14739249,135400437,CC1=CC(=C(C(=O)O1)C(=O)/C=C/C2=C(C(=CC=C2)OC)O)O,Inactive,0,,,0.1,3.12,3.22,2.72,2.92,2.72,2.92,2.82,3.02,3.02,3.02
135,14739576,2873476,CC(=O)OC1=CC=C(C=C1)N2C(=O)C3C4C=CC(C3C2=O)(O4)CO,Inactive,0,,,0.2,3.02,3.02,2.92,3.02,2.92,3.12,2.92,3.02,3.02,2.82
136,14739918,3812720,CCOC(=O)C(C(C(=O)OCC)N1CCOCC1)C(=O)OCC,Inactive,1,,,1.33,4.39,3.98,3.37,3.16,3.16,3.26,3.16,3.16,3.26,3.06
137,14740550,1211724,C1=CC=C(C=C1)C(=O)C#CC2=CC(=CC=C2)[N+](=O)[O-],Inactive,1,,,0.71,4.08,3.67,3.67,3.37,3.37,3.26,3.37,3.37,3.37,3.37
138,14740692,5733602,CC\1=NOC(=O)/C1=C\C2=CC=C(O2)C3=C(C=CC(=C3)Cl)Cl,Inactive,2,,,1.51,4.63,4.03,3.83,3.53,3.32,3.22,3.02,3.02,3.32,3.12
139,14740706,1191626,COC1=C(C=C(C=C1)CCNC2=C(C(=O)N(C2=O)CCC3=CC=CC=C3)Cl)OC,Inactive,0,,,0,3.71,3.71,3.61,3.71,3.71,3.61,3.81,3.61,,3.71
140,14741094,135473059,CCCCCCCCC/C(=N\O)/C1=CC=CC=N1,Inactive,0,,,-0.2,2.82,2.82,3.12,3.12,3.02,3.12,3.22,3.12,3.12,3.02
141,14741987,9619565,CN1CCN(CC1)/C=N/C2=C(C(=C(N2CC3=CC=CO3)C4=CC=CC=C4)C5=CC=CC=C5)C#N,Inactive,2,,,2.4,5.61,4.81,4.11,3.71,3.41,3.41,3.41,3.41,,3.21
142,14742101,2827475,CC(=O)N1C=C(C2=CC=CC=C21)C(C[N+](=O)[O-])SCCN.Cl,Inactive,2,,,1.51,4.75,3.44,3.14,3.14,3.24,3.24,3.24,3.24,,3.24
143,14742137,915860,CC(=O)OC1=C(N=C(O1)C2=CC=CC=C2)C=NC3=CC=CC=C3,Inactive,0,,,-0.1,2.82,2.42,2.72,2.72,2.92,3.02,3.02,3.12,3.12,2.92
144,14742369,1905664,CC1=CC=C(C=C1)C(=O)OC2=C(N=C(O2)C3=CC=CO3)C=NC4=CC=C(C=C4)Cl,Inactive,0,,,0.2,3.22,3.02,3.02,2.82,2.92,2.92,2.92,2.92,3.12,3.02
145,14742480,3775080,CC(=O)N1C=C(C2=CC=CC=C21)C(C[N+](=O)[O-])SC(=O)C,Inactive,0,,,0.41,3.63,3.02,2.82,2.82,3.02,3.02,3.12,3.02,3.12,3.22
146,14743043,9551837,C1=CC=C2C(=C1)C=CC=C2C(=O)O/N=C(/CC3=CC=C(C=C3)Cl)\N,Inactive,2,,,1.71,4.33,5.04,4.03,3.32,3.12,3.12,2.92,3.02,2.92,2.62
147,14743053,2035866,COC(=O)CCS(=O)(=O)C1=NC(=CC(=N1)C(F)(F)F)C2=CC=CC=C2,Inactive,1,,,1.02,4.28,3.67,3.47,3.37,3.26,3.37,3.26,3.26,3.26,3.26
148,14744394,5556787,CC1=CC=C(C=C1)S(=O)(=O)/N=C(/C2=CC=CC=C2)\SC3=CC=CC=C3,Inactive,0,,,0,3.26,3.26,3.26,3.16,3.26,3.26,3.37,3.26,3.26,3.26
149,14744444,2334575,C1CN(CCN1C(=O)COC(=O)C2=CC(=NC3=CC=CC=C32)C4=C(C(=C(C=C4)Cl)Cl)Cl)C(=O)C5=CC=CO5,Inactive,0,,,-0.3,3.21,3.21,3.21,3.21,3.31,3.41,3.51,3.51,,3.51
150,14744986,9668555,C1=CSC(=C1)/C=N/NC2=C(C=C(C=N2)Cl)Cl,Inactive,0,,,0.41,3.67,3.37,3.26,3.47,3.47,3.37,3.37,3.26,3.37,3.26
151,14745206,5538580,C1=CC=C(C=C1)/C(=N/S(=O)(=O)C2=CC=CC=C2)/SC3=CC=C(C=C3)Cl,Inactive,0,,,-2.21,3.43,3.22,3.02,3.12,3.12,3.22,3.63,3.93,4.23,5.64
152,14745740,3313092,CCOC(=O)C1=C(OC2=C1C(=C(C3=CC=CC=C32)O)C(C4=CN=CC=C4)N5CCOCC5)C,Inactive,2,,,2.14,5.2,3.98,3.16,2.86,2.86,3.16,3.26,3.37,3.16,3.06
153,14745873,2391688,C1CN(CCN1C(=O)COC(=O)C2=CC(=NC3=CC=CC=C32)C4=CC(=CC=C4)Br)C(=O)C5=CC=CO5,Inactive,0,,,0.1,3.22,2.92,3.12,3.12,3.12,3.02,3.02,3.12,3.02,3.12
154,14745903,2314002,C1CC2=CC=CC=C2N(C1)C(=O)C3=CC=C(S3)C(=O)N4CCCC5=CC=CC=C54,Inactive,1,,,1.3,5.01,3.81,3.61,3.51,3.61,3.71,3.61,3.61,,3.71
155,14745966,9641270,CC1=CC=C(S1)/C=N/NC2=C(C=C(C=N2)Cl)Cl,Inactive,0,,,0.41,3.53,3.22,3.02,3.02,3.12,3.02,3.12,3.02,3.02,3.12
156,14746705,3361499,CC1=CC(=NO1)NC(C2=CC=C(C=C2)Cl)C3=C(C4=C(C=CC=N4)C=C3)O,Inactive,0,,,0,3.51,3.31,3.41,3.51,3.51,3.41,3.51,3.51,,3.51
157,14746726,2389139,C1CN(CC2=CC=CC=C21)C(=O)COC3=C(C=C(C4=C3N=CC=C4)Br)Br,Inactive,1,,,1,4.51,3.91,3.81,3.71,3.61,3.61,3.41,3.61,,3.51
158,16952633,9569157,CC1=C(SC=C1)/C=N/NC2=C(C=C(C=N2)Cl)Cl,Inactive,1,,,1.01,3.93,3.53,3.22,3.12,3.12,2.92,3.02,3.12,2.92,2.92
159,16952810,5663704,CC1=C/C(=N\OS(=O)(=O)C2=CC=CC=C2)/C(=CC1=O)C,Inactive,15,,,14.91,17.73,4.33,3.02,3.22,3.02,3.02,3.02,2.92,3.02,2.82
160,16952991,6763,C1=CC=C2C(=C1)C3=CC=CC=C3C(=O)C2=O,Inactive,2,,,2.12,5.44,4.03,3.43,3.43,3.43,3.32,3.43,3.22,3.32,3.32
161,17385842,135490259,C1=CC=C2C(=C1)C=CC(=C2/C=N/NC3=NN=C(C4=CC=CC=C43)C5=NC=CN5)O,Active,40,,,40.4,43.52,38.59,4.63,3.22,3.22,3.12,3.12,2.92,3.12,3.12
162,17386149,1752641,CCCC1=CC=C(C=C1)OCC(=O)NNC(=S)NC(=O)C2=CC=CO2,Inactive,10,,,9.67,12.69,8.16,4.63,3.93,3.22,3.32,3.22,3.12,3.22,3.02
163,17386654,7314659,C1=CC=C(C=C1)/C=C/C(=O)C2=C(C(=O)C=CC(=C2)Br)O,Inactive,23,,,23.36,26.6,3.74,3.14,3.14,3.24,3.24,3.24,3.24,,3.24
164,17386998,7314658,CCC1=CC=C(C=C1)/C=C/C(=O)C2=C(C(=O)C=CC(=C2)Br)O,Inactive,8,,,8.22,11.73,4.01,3.51,3.51,3.51,3.51,3.51,3.51,,3.51
165,17387130,1790616,CC1=CC=CC=C1C(=O)NNC(=S)NC(=O)C2=C(C=C(C=C2)Cl)Cl,Inactive,0,,,0.4,3.81,3.91,3.81,3.61,3.51,3.51,3.51,3.51,,3.41
166,17387164,4885570,CC(C(=O)NNC(=S)NC(=O)C1=CC=CO1)OC2=CC3=CC=CC=C3C=C2,Inactive,2,,,2.02,5.46,5.06,4.25,3.84,3.74,3.74,3.74,3.64,,3.44
167,17387415,1790637,CC1=CC=C(C=C1)C(=O)NNC(=S)NC(=O)COC2=CC=CC=C2,Inactive,0,,,-5.34,4.43,4.13,3.83,3.43,3.63,3.83,4.33,5.44,7.35,9.77
168,17387769,1214588,C1=CC=NC(=C1)C(=O)C2=CON=C2C(=O)C3=CC=C(C=C3)Br,Inactive,2,,,2.42,5.54,3.12,3.02,2.92,3.12,3.12,3.02,3.22,3.02,3.12
169,17388011,5957579,CCOC1=CC=C(C=C1)N/N=C(/C#N)\C(=O)N,Inactive,7,,,6.95,9.87,9.27,7.76,5.24,3.22,2.92,2.92,2.92,3.12,2.92
170,17401193,1827281,C1=CC=C2C(=C1)N=NN2C3=C(C=C(C=C3[N+](=O)[O-])C#N)[N+](=O)[O-],Inactive,0,,,-0.2,2.92,2.72,2.62,2.82,2.92,2.92,3.02,2.92,3.02,3.12
171,17401400,5286239,CCOC(=O)CSC1=NC(=O)/C(=C\C2=CC=C(C=C2)Cl)/S1,Inactive,0,,,0.21,3.53,3.32,3.02,2.92,2.92,3.02,3.12,3.22,3.12,3.32
172,17401760,4678346,C1=COC(=C1)C2=NC(=C(O2)OC(=O)C3=CC=CO3)C=NC4=CC=C(C=C4)Cl,Inactive,0,,,0.21,3.47,3.26,3.37,3.37,3.37,3.37,3.57,3.37,3.37,3.26
173,17401902,6522725,CCOC(=O)C1=C(C=CC(=C1)C2=CC=C(O2)/C=C/3\C(=C(C(=O)NC3=O)C#N)C)Cl,Inactive,1,,,1.21,4.23,3.83,3.02,3.02,2.92,2.92,2.92,3.02,2.92,3.02
174,17402282,1400,CC1=CC=C(C=C1)C2=NN(C3=NC=NC(=C23)N)C(C)(C)C,Inactive,0,,,-0.9,2.81,2.71,2.91,2.81,3.21,3.41,3.61,3.51,,3.71
175,17402368,4878,CC(C)(C)N1C2=NC=NC(=C2C(=N1)C3=CC=C(C=C3)Cl)N,Inactive,0,,,-1,2.22,2.52,2.62,3.02,3.12,3.02,3.12,3.12,3.12,3.22
176,17402399,1489656,CC(C)(C)N1C2=NC=NC(=C2C(=N1)C3=CC=C(C=C3)F)N,Inactive,0,,,-0.4,2.63,2.53,2.73,2.93,3.14,3.24,3.24,3.24,,3.03
177,17402422,2769313,CC1=CC=C(C=C1)C2=NN(C3=NC(=NC(=C23)N)C4=CC=C(C=C4)C)C(C)(C)C,Inactive,0,,,0.1,3.71,3.71,3.61,3.71,3.51,3.61,3.61,3.61,,3.61
178,17402478,638439,COC1=C(C=CC(=C1)/C=C/[N+](=O)[O-])O,Inactive,0,,,0.2,3.84,3.54,3.54,3.54,3.54,3.64,3.64,3.64,,3.64
179,17403154,809302,COC1=C(C=C(C=C1)/C=C/2\C(=NOC2=O)C3=CC=CC=C3)OC,Inactive,1,,,0.5,4.11,3.71,3.71,3.51,3.51,3.51,3.61,3.51,,3.61
180,17403232,1728272,CCCOC1=CC=C(C=C1)C(=O)NNC(=S)NC(=O)CC,Inactive,1,,,1.43,4.39,4.59,3.77,3.67,3.37,3.26,3.26,3.16,3.16,2.96
181,17403265,3121220,C1CCC2=C(C1)C3=C(C=C(C=C3)OC4=C(C=C(C=C4[N+](=O)[O-])C(F)(F)F)[N+](=O)[O-])OC2=O,Inactive,0,,,0,2.92,2.82,2.92,2.92,2.92,3.02,3.02,3.02,2.92,2.92
182,17403439,704848,CC1=CC(=NC=C1)N2C(=O)C3=C4C(=C(C=C3)[N+](=O)[O-])C=CC=C4C2=O,Inactive,6,,,6.15,9.17,6.15,4.03,3.63,3.12,3.02,3.12,2.92,2.82,3.02
183,17403647,2830220,C1C2CC3CC1CC(C2)(C3)C(=O)NC(=S)NNC(=O)C4=CC=NC=C4,Inactive,2,,,1.5,5.11,4.21,3.81,3.61,3.61,3.51,3.61,3.51,,3.61
184,17406747,1218173,C1=CC=NC(=C1)N2C(=O)C3=C4C(=C(C=C3)[N+](=O)[O-])C=CC=C4C2=O,Inactive,13,,,13.05,16.69,11.53,7.89,5.36,4.25,3.94,3.64,3.64,,3.64
185,17406965,8178372,C1=CC=C2C(=C1)NC(=N2)C(=O)/C=C/C3=CC(=CC=C3)Cl,Inactive,3,,,2.7,6.21,5.71,3.71,3.81,3.71,3.61,3.71,3.71,,3.51
186,17407258,1790695,COC1=CC=C(C=C1)C(=O)NC(=S)NNC(=O)CCC2=CC=CC=C2,Inactive,0,,,0.3,3.67,3.77,3.47,3.47,3.37,3.37,3.26,3.16,3.37,3.37
187,17407267,1788577,CC1=CC=CC=C1OCC(=O)NNC(=S)NC(=O)C2=CC=CO2,Inactive,1,,,0.6,4.01,5.61,4.51,3.81,3.81,3.61,3.61,3.41,,3.41
188,17407957,9594345,C1=CSC(=C1)C(=O)O/N=C(/CC2=C(C=C(C=C2)Cl)Cl)\N,Inactive,1,,,1.42,5.06,4.55,3.84,3.64,3.84,3.64,3.64,3.64,,3.64
189,17408535,1790575,C1=CC=C(C=C1)CCC(=O)NNC(=S)NC(=O)C2=CC=CC=C2,Inactive,1,,,0.81,3.83,3.32,3.02,3.02,3.12,3.12,3.02,3.12,2.92,3.02
190,17409155,135510999,C1=CC=NC(=C1)N/N=C\C2=C(C(=CC(=C2)Cl)[N+](=O)[O-])O,Inactive,3,,,2.7,6.21,6.31,5.41,3.71,3.41,3.51,3.61,3.71,,3.51
191,17410787,2767048,C1=CC=C(C=C1)NC(=O)C2=C(SN=N2)S(=O)(=O)C3=CC=C(C=C3)Cl,Inactive,1,,,1.31,4.53,4.94,3.93,3.12,3.02,2.92,3.02,3.12,3.02,3.22
192,17411483,1478923,C1=CC(=CC=C1C(=O)/C=C/SC2=NC=NN2)Cl,Inactive,2,,,2.12,4.94,3.12,2.82,3.02,2.92,2.92,2.92,2.92,2.92,2.82
193,17411660,2251286,COC(=O)/C(=C/C1=CNC2=CC=CC=C21)/[N+](=O)[O-],Inactive,0,,,0.1,3.12,2.92,2.72,2.72,2.82,2.92,3.02,2.92,3.02,3.02
194,17412045,2238214,CC1=CC(=C(C(=C1C)S(=O)(=O)ON2C(=O)C3=CC=CC=C3C2=O)C)C,Inactive,1,,,0.81,3.83,3.83,3.22,3.32,3.12,3.02,3.12,3.02,3.12,3.02
195,17412516,1324253,CC1=C(C(=O)OC2=C1C=CC(=C2C)OC3=C(C=C(C=C3)[N+](=O)[O-])C(F)(F)F)C,Inactive,0,,,0.1,3.91,3.81,3.91,3.81,3.91,3.91,3.91,3.91,,3.81
196,17412570,5344902,CC1=CC=C(C=C1)/C(=N/OC(=O)C2=CC=C(C=C2)F)/N,Inactive,0,,,0.3,3.91,3.81,3.71,3.61,3.61,3.51,3.51,3.51,,3.61
197,17413265,2291702,CC1=CC(=C(N1C2=CN=CC=C2)C)/C=C/3\C(=O)N(C(=S)S3)C4=CC(=CC=C4)Cl,Inactive,4,,,3.51,7.02,5.31,4.81,4.01,3.81,3.71,3.71,3.61,,3.51
198,17413868,1323001,CC1=CC(=O)OC2=C1C=CC(=C2)OC3=C(C=C(C=C3)[N+](=O)[O-])C(F)(F)F,Inactive,0,,,0.11,3.14,3.24,3.24,3.24,3.24,3.24,3.14,3.24,,3.03
199,17414308,1582613,CC1=CC(=C(C=C1C)S(=O)(=O)ON2C(=O)C3=CC=CC=C3C2=O)C,Inactive,2,,,2.24,5.61,4.08,3.67,3.37,3.26,3.26,3.37,3.26,3.37,3.37
200,17414453,885550,CC1=CC=C(C=C1)NC(=O)C2=CC(=C(C=C2)Cl)N3C(=O)C=CC3=O,Inactive,1,,,1.4,4.91,4.31,4.21,4.01,3.81,3.71,3.61,3.51,,3.51
201,17414521,9567272,C1=CC=C(C(=C1)C(=O)O/N=C(/C2=CC=C(C=C2)Cl)\N)Cl,Inactive,1,,,0.9,4.51,3.91,3.81,3.71,3.71,3.71,3.71,3.61,,3.61
202,17414983,1328586,CC1=CC=C(O1)/C=C\2/C(=O)N(C(=S)S2)CC3=CC=CC=C3,Inactive,1,,,1.31,4.85,4.15,3.84,3.64,3.54,3.54,3.64,3.54,,3.54
203,17415033,9587374,C1=CSC(=C1)C(=O)O/N=C(/CC2=CC(=C(C=C2)Cl)Cl)\N,Inactive,1,,,1.01,4.33,4.74,3.83,3.63,3.32,3.43,3.12,3.12,3.32,3.32
204,17415367,1033987,CCOC1=CC=C(C=C1)NC2=C(C(=O)N(C2=O)CC3=CC=CC=C3)Cl,Inactive,0,,,0.2,3.51,3.51,3.51,3.51,3.51,3.51,3.61,3.51,,3.31
205,17415374,5347385,CN1C2=CC=CC=C2/C(=N/OC(=O)C3=CC=CC4=CC=CC=C43)/C1=O,Inactive,0,,,0.4,3.77,3.37,3.47,3.37,3.37,3.37,3.26,3.26,3.47,3.37
206,17415465,5332708,C1=CC=C(C=C1)/C(=N/OC(=O)C2=C(C=C(C=C2)Cl)Cl)/N,Inactive,2,,,1.7,5.11,4.11,3.81,3.71,3.41,3.51,3.61,3.51,,3.41
207,17415655,880972,COC1=CC(=CC(=C1OC)OC)/C=C\2/C(=NOC2=O)C3=CC=CC=C3,Inactive,0,,,0,3.91,3.81,3.81,3.71,3.91,3.81,3.91,3.91,,3.91
208,17415657,2277493,C1=CC=C2C(=C1)N=C(S2)SC3=C(C=C(C=C3)S(=O)(=O)C(F)(F)F)[N+](=O)[O-],Inactive,1,,,0.51,3.53,2.92,2.82,2.92,3.02,3.02,3.02,2.92,3.12,3.02
209,17415671,5332729,C1=CC=C(C=C1)/C(=N/OC(=O)C2=CC(=CC=C2)Br)/N,Inactive,0,,,0.1,3.61,3.71,3.51,3.51,3.51,3.51,3.51,3.51,,3.51
210,17416103,2275069,C1=CC(=CC(=C1)N2C(=O)C=CC2=O)C(=O)NC3=C(C=C(C=C3)Cl)Cl,Inactive,2,,,1.51,4.53,4.33,3.53,3.22,3.02,3.02,3.02,2.82,3.02,3.02
211,17416128,2265956,C1=CC=C(C=C1)N2C(=O)/C(=C/C3=CC=C(O3)SC4=CC=CC=C4)/C(=O)NC2=O,Inactive,1,,,0.91,4.03,3.53,3.02,3.02,3.02,3.12,3.12,3.02,3.32,3.12
212,17431703,11325914,C[N+]1=CC=C(C=C1)/C=C/C2=CNC3=CC=CC=C32.[I-],Inactive,6,,,5.54,8.56,6.15,5.54,4.74,4.03,3.32,3.12,3.12,2.92,3.02
213,17431935,2235477,CC(C)(C)C(=O)NC(=S)NNC(=O)C1=C(C2=CC=CC=C2S1)Cl,Inactive,0,,,0,3.44,3.44,3.54,3.54,3.44,3.34,3.44,3.44,,3.44
214,17432073,1653161,COC1=CC=CC=C1C(=O)NNC(=S)NC(=O)C2=CC=CO2,Inactive,4,,,3.84,7.18,6.17,3.84,3.54,3.34,3.34,3.24,3.24,,3.34
215,17432233,789467,C1CCC(=NOC(=O)NC2=CC=CC=C2)C1,Inactive,0,,,0.2,3.81,3.61,3.71,3.71,3.61,3.61,3.61,3.51,,3.61
216,17432782,2196572,CC1=CC(=C(C=C1)S(=O)(=O)ON2C(=O)C3=CC=CC=C3C2=O)C,Inactive,1,,,1.31,4.65,4.85,3.74,3.44,3.44,3.34,3.34,3.34,,3.34
217,17433446,823806,CC(C)CC(=O)NC(=S)NC1=NC(=CS1)C2=CC=CC=C2,Inactive,0,,,0,3.34,3.34,3.34,3.34,3.34,3.34,3.24,3.24,,3.34
218,17433495,2949438,CC1=NC(=CC=C1)NC(C2=C(C3=C(C=CC(=N3)C)C=C2)O)C4=CC=C(S4)C,Inactive,1,,,0.5,3.91,3.91,3.81,3.41,3.41,3.31,3.31,3.41,,3.41
219,17433641,724958,C1=CC=C(C=C1)CCN2C(=O)C(=C(C2=O)Cl)NC3=CC=CC=C3O,Inactive,0,,,0.4,3.91,3.81,3.61,3.61,3.61,3.61,3.51,3.51,,3.51
220,17433747,2929633,CC(C)C(=O)NC(C1=CC=CS1)C2=CC(=C3C=CC=NC3=C2O)[N+](=O)[O-],Inactive,0,,,-0.1,3.41,3.51,3.61,3.51,3.61,3.61,3.51,3.51,,3.51
221,17433842,1191566,COC1=CC(=C(C=C1)NC2=C(C(=O)N(C2=O)CCC3=CC=CC=C3)Cl)OC,Inactive,0,,,0.1,3.54,3.54,3.54,3.64,3.64,3.64,3.64,3.64,,3.44
222,17503727,707312,COC1=C(C=CC(=C1)/C=C/2\C(=NOC2=O)C3=CC=CC=C3)O,Inactive,0,,,0.2,3.64,3.74,3.64,3.64,3.64,3.64,3.64,3.54,,3.44
223,17503785,1953519,C1=CC=C(C=C1)/C=C/2\C(=O)C3=C(C2=O)C=C(C=C3)C(=O)O,Inactive,0,,,0,3.14,3.24,3.24,3.24,3.24,3.24,3.24,3.34,,3.14
224,17503835,1559125,CC1=CC=C(C=C1)C(=O)OC2=C(N=C(O2)C3=CC=CC=C3)C=NC4=CC=C(C=C4)N(C)C,Inactive,1,,,1.02,4.28,3.67,3.47,3.37,3.26,3.26,3.26,3.26,3.26,3.26
225,17504317,1901377,C=CCN1C(=O)/C(=C/C2=CC=CS2)/C(=O)NC1=S,Inactive,0,,,-1.1,2.81,2.81,4.01,3.91,3.81,3.71,3.71,3.91,,3.91
226,17504429,1308940,COC1=C(C=C(C(=C1)/C=C\2/C(=O)C3=C(C2=O)C(=CC=C3)[N+](=O)[O-])Br)O,Inactive,0,,,0.1,3.44,3.34,3.34,3.34,3.34,3.44,3.54,3.64,,3.34
227,17504456,1973785,CCN(CC)C1=CC2=C(C=C1)C=C(C(=O)O2)C3=NC(=CS3)C4=CC=C(C=C4)OC,Inactive,8,,,7.55,11.12,7.96,6.43,4.79,3.98,3.67,3.47,3.57,3.47,3.57
228,17504927,2301119,C1=CC=C(C=C1)C\2=NOC(=O)/C2=C\C3=CC=C(O3)C4=CC=CC=C4[N+](=O)[O-],Inactive,1,,,0.6,4.21,4.11,3.91,3.41,3.41,3.31,3.51,3.31,,3.61
229,17505280,3739292,CNC(CC(=O)C1=CC=C(C=C1)[N+](=O)[O-])C(Cl)(Cl)Cl,Inactive,2,,,2,5.91,4.51,4.11,3.91,3.91,3.81,3.81,3.81,,3.91
230,17505305,3334021,C1OC2=C(O1)C=C(C=C2)N=CC3=C(C(=CC(=C3)Br)Br)O,Inactive,0,,,-0.11,3.32,2.92,2.92,3.02,3.12,3.02,3.43,3.12,3.12,3.43
231,17505640,135497996,CC1=C(C(=CC=C1)N=C2NC(=O)/C(=C/C=C/C3=CC=CO3)/S2)C,Inactive,3,,,3.41,6.62,4.51,3.91,3.51,3.61,3.41,3.51,3.61,,3.21
232,17505774,1758310,C1=CC(=CN=C1)C(=O)NC(=S)NNC(=O)C2=C(C=C(C=C2)Cl)Cl,Inactive,1,,,0.91,4.35,3.64,3.64,3.64,3.64,3.54,3.64,3.54,,3.44
233,17506093,1870020,COC1=CC=C(C=C1)N=CC2=C(OC(=N2)C3=CC=CC=C3)OC(=O)C4=CC=CC=C4,Inactive,0,,,-0.31,3.26,3.06,3.26,3.16,3.26,3.37,3.57,3.57,3.57,3.57
234,17506129,741762,CCN(CC)C1=CC=C(C=C1)/C=C/2\C(=O)C3=C(C2=O)C=C(C=C3)C(=O)O,Inactive,9,,,8.92,12.33,13.03,7.42,4.81,3.91,3.81,3.61,3.41,,3.41
235,17506668,1209375,C1=CC=C(C(=C1)C=C2C(=O)C3=CC=CC=C3C2=O)OCC4=CC=C(C=C4)C(=O)O,Inactive,0,,,0,3.21,3.21,3.21,3.21,3.11,3.21,3.31,3.31,,3.21
236,17506775,2193022,C1=CC(=CC(=C1)[N+](=O)[O-])C(=O)OC2=C(C=C(C3=C2N=CC=C3)Cl)Cl,Inactive,2,,,2.44,5.3,3.67,3.16,3.06,3.16,3.06,3.26,2.96,3.06,2.86
237,17507139,1728273,CCCCOC1=CC=C(C=C1)C(=O)NNC(=S)NC(=O)CC,Inactive,1,,,1.41,4.65,4.96,3.94,3.64,3.34,3.24,3.24,3.24,,3.24
238,17507245,1748953,CCCCC1=CC=C(S1)/C=C/2\C(=NOC2=O)C3=CC=CC=C3,Inactive,0,,,0,3.61,3.61,3.61,3.61,3.61,3.51,3.61,3.51,,3.61
239,17507276,3153499,CS(=O)(=O)N1C(CC(=N1)C2=CC=CC=C2)C3=CC4=C(C=C3)OCO4,Active,83,,,82.72,85.98,30.29,9.18,5.3,4.18,3.57,3.37,3.26,3.26,3.26
240,17507350,789466,C1CCC(=NOC(=O)NC2=CC=C(C=C2)Cl)C1,Inactive,1,,,0.81,4.35,4.55,3.94,3.64,3.64,3.54,3.54,3.54,,3.54
241,17507601,3117076,CC1=C(C(=O)N(N1)C2=NC=C(S2)C3=CC=CC=C3)C(C4=CC=C(C=C4)Cl)C(C#N)C#N,Inactive,0,,,0,3.26,3.37,3.37,3.37,3.37,3.47,3.47,3.57,3.57,3.26
242,17507781,3090522,C1=CC=C(C=C1)N2C(=NN=N2)C(C3=NN=NN3C4=CC=CC=C4)(Cl)Cl,Inactive,2,,,1.6,5.41,4.61,4.11,3.71,3.71,3.61,3.71,3.81,,3.81
243,17508135,694345,CC1=C(C=C(S1)/C=C\2/C(=NOC2=O)C3=CC=CC=C3)Br,Inactive,0,,,0,3.64,3.64,3.64,3.54,3.64,3.54,3.64,3.64,,3.64
244,17508284,5409636,CCOC(=O)CSC1=NC(=O)/C(=C/C2=CC=C(C=C2)OC)/S1,Inactive,2,,,2.34,5.81,3.37,3.16,3.06,3.26,3.37,3.37,3.47,3.37,3.47
245,17508313,741765,CCN(CC)C1=CC=C(C=C1)/C=C\2/C(=O)C3=C(C2=O)C=C(C=C3)C(=O)O,Inactive,21,,,20.94,24.58,9.61,6.98,4.96,4.35,3.94,3.74,3.64,,3.64
246,17508428,1951180,CCOC(=O)/C(=C\C1=CN(C2=CC=CC=C21)C)/[N+](=O)[O-],Inactive,2,,,2.22,5.24,3.32,2.72,2.52,2.72,2.82,2.72,2.92,2.92,3.02
247,17508633,886511,C1=CC(=CC=C1N2C(=O)C=CC2=O)OC(F)F,Inactive,2,,,1.7,5.51,4.31,3.71,3.81,3.81,3.81,3.81,3.81,,3.81
248,17509004,819097,CC1=CC=C(C=C1)NC(=O)ON=C2CCCC2,Inactive,2,,,1.61,4.63,3.83,3.32,3.12,3.02,3.02,3.02,3.02,2.82,3.02
249,17509166,278068,C1=CC=C(C=C1)S(=O)(=O)ON2C(=O)C3=CC=CC=C3C2=O,Inactive,2,,,2.12,5.46,4.45,4.35,4.25,3.74,3.34,3.54,3.54,,3.34
250,17509258,684448,CCOC(=O)COC1=C(C2=CC=CC=C2C=C1)/C=C/[N+](=O)[O-],Inactive,0,,,0.1,3.44,3.34,3.34,3.34,3.24,3.24,3.34,3.34,,3.34
251,17509928,616498,CC1=C(C=C(C=C1)NC(=O)C2=C(C=CC(=C2)N3C(=O)C=CC3=O)Cl)C,Inactive,1,,,1.31,4.55,3.94,3.94,3.74,3.64,3.34,3.34,3.34,,3.24
252,17510241,12005136,CCOC1=C(C=CC(=C1)C=C2C(=O)C3=CC=CC=C3C2=O)OCC(=O)NC4=CC=C(C=C4)C,Inactive,0,,,-0.2,3.51,3.61,3.61,3.61,3.61,3.71,3.51,3.51,,3.71
253,17510725,4220651,CC1=C(C=C(C=C1)C(=O)O)N=CC2=C(C(=CC(=C2)Br)Br)O,Inactive,1,,,0.7,4.31,4.01,3.51,3.61,3.51,3.51,3.51,3.41,,3.61
254,17510750,135516999,COC1=CC=CC(=C1O)/C=N/NC2=C(C=C(C=N2)C(F)(F)F)Cl,Inactive,2,,,1.52,5.06,5.36,4.05,3.74,3.64,3.64,3.64,3.64,,3.54
255,17510830,208719,CC1=CC=C(C=C1)N=NC2=C3C=CC=NC3=C(C=C2)O,Inactive,0,,,0.2,3.44,3.44,3.44,3.54,3.34,3.34,3.24,3.34,,3.24
256,17510948,135517005,CC1=CC=CC=C1N=NC2=C3C=CC=NC3=C(C=C2)O,Inactive,0,,,0.3,4.21,4.21,4.21,4.21,3.81,4.01,3.81,3.81,,3.91
257,17511260,135517024,CC1=CC(=CC=C1)N=NC2=C3C=CC=NC3=C(C=C2)O,Inactive,2,,,1.6,5.11,4.11,4.01,3.91,3.71,3.51,3.41,3.41,,3.51
258,17512194,1905917,CN(C)C1=CC=C(C=C1)N=CC2=C(OC(=N2)C3=CC=CC=C3)OC(=O)C4=CC(=CC=C4)Cl,Inactive,1,,,0.71,3.16,3.16,3.26,3.26,3.26,3.26,3.26,3.26,3.37,2.45
259,17512485,1910276,CN(C)C1=CC=C(C=C1)N=CC2=C(OC(=N2)C3=CC=CC=C3)OC(=O)C4=CC=CC=C4,Inactive,1,,,0.61,3.77,3.37,3.26,3.26,3.26,3.16,3.37,3.37,3.26,3.16
260,17512724,886529,CC1=CC=C(S1)/C=C/2\C(=O)NC(=S)N(C2=O)C3=CC=CC=C3F,Inactive,0,,,-0.81,2.93,3.03,2.83,3.54,3.44,3.44,3.44,3.54,,3.74
261,17513428,54684448,CCOC(=O)C\1=C(C2=CC=CC=C2C(=O)/C1=C\C3=CC=C(C=C3)C)O,Active,41,,,41.26,44.9,4.25,3.64,3.64,3.64,3.64,3.64,3.64,,3.64
262,17513508,909748,C1=CC=C(C=C1)N(C2=CC=CC=C2)N3C(=O)C=CC3=O,Inactive,1,,,1.02,4.18,3.98,3.37,3.16,3.06,2.96,3.06,3.16,3.16,3.16
263,17513792,3437278,CC1=CC=C(C=C1)C2=NN(C(C2)C3=CC4=C(C=C3)OCO4)S(=O)(=O)C,Inactive,5,,,4.64,7.66,4.94,3.53,3.12,3.12,3.02,2.82,3.02,2.92,3.02
264,17513916,1191565,COC1=CC=C(C=C1)NC2=C(C(=O)N(C2=O)CCC3=CC=CC=C3)Cl,Inactive,0,,,0,3.61,3.61,3.61,3.61,3.61,3.61,3.51,3.51,,3.61
265,17514461,135517162,CC(C)(C)C1=NN=C(N(C1=O)N)N/N=C/C2=C(C=CC(=C2)Br)O,Inactive,1,,,1.3,4.81,3.51,3.51,3.41,3.51,3.31,3.31,3.61,,3.51
266,22400794,5417615,COC1=CC=C(C=C1)N/N=C(\C#N)/C(=O)N,Inactive,8,,,7.85,11.01,9.38,7.65,5,3.16,3.26,3.16,3.37,3.16,3.16
267,22401251,949524,C1=CC(=CC=C1NC2=CC(=O)N(C2=O)C3=CC=C(C=C3)Cl)Cl,Inactive,0,,,0.2,3.44,3.24,3.24,3.34,3.24,3.24,3.24,3.24,,3.24
268,22401271,3290873,COC1=CC=C(C=C1)C(=O)NC(=S)NNC(=O)C2=NC=CN=C2,Inactive,1,,,1.02,3.88,3.88,3.67,3.16,3.16,3.16,3.06,3.06,3.06,2.86
269,22401490,135504329,C1=CC=NC(=C1)N/N=C/C2=C(C=CC(=C2)[N+](=O)[O-])O,Inactive,2,,,2.3,6.11,4.71,3.91,3.81,3.81,3.81,3.91,3.81,,3.81
270,22401755,1335166,C1=CC(=CC(=C1)[N+](=O)[O-])C2=CC=C(O2)/C=C/3\C(=O)NC(=O)N(C3=O)CC4=CC=CO4,Inactive,1,,,0.71,3.83,3.63,2.92,2.92,3.02,3.02,3.22,2.92,3.12,3.12
271,22402022,1997393,COC1=C(C=C(C=C1)C(=O)NC(=S)NNC(=O)C2=NC=CN=C2)OC,Inactive,1,,,0.51,4.05,4.05,3.94,4.05,3.74,3.54,3.54,3.54,,3.54
272,22402147,4457468,C1=CC(=CC=C1C2=NN=C(O2)NC(=O)C3=C(SC(=C3)Cl)Cl)F,Inactive,1,,,0.7,4.31,4.41,4.31,3.71,3.71,3.81,3.61,3.71,,3.61
273,22402963,2109969,CC1=CC(=CC=C1)N2C(=O)C3=CC=CC=C3/C(=C/C4=CC(=CC=C4)OC)/C2=O,Inactive,0,,,0,3.47,3.37,3.26,3.26,3.16,3.37,3.37,3.37,3.47,3.47
274,22403105,5650290,CC1=C/C(=N\OS(=O)(=O)C2=CC=CC=C2)/C(=CC1=O)C(C)C,Inactive,1,,,1.11,4.35,3.74,3.54,3.44,3.44,3.34,3.34,3.34,,3.24
275,22403601,1335691,CC1=C(C=C(C=C1)NC(=O)C2=C(C=CC(=C2)N3C(=O)C=CC3=O)N4CCOCC4)Cl,Inactive,2,,,1.72,4.96,4.25,4.05,3.64,3.44,3.34,3.34,3.34,,3.24
276,22403918,5777448,CC1=CC=C(C=C1)S(=O)(=O)O/N=C\2/C=CC(=O)C(=C2C)C,Inactive,0,,,0,3.64,3.84,3.84,3.64,3.54,3.64,3.64,3.64,,3.64
277,22404604,2132296,CC1(CCCCC1)C(=O)NC(=S)NNC(=O)C2=CC=NC=C2,Inactive,0,,,0.2,4.01,3.81,3.81,3.91,3.81,3.91,3.81,3.81,,3.81
278,22405111,6001017,CC\1=NNC(=O)/C1=C\C2=CN(N=C2C3=CC=CS3)C4=CC=CC=C4,Inactive,3,,,3.03,6.25,5.34,4.13,3.32,3.22,3.22,3.12,3.32,3.12,3.22
279,22405299,3912472,CC1=CC(=CC=C1)C(=O)NC(=S)NNC(=O)CC2=CC=CC=C2,Inactive,2,,,1.52,5.06,4.25,3.84,3.64,3.64,3.54,3.64,3.64,,3.54
280,22405324,7314608,CC1=CC(=C(C=C1)C)/C=C/C(=O)C2=C(C(=O)C=CC=C2)O,Inactive,14,,,13.85,17.19,3.94,3.24,3.34,3.34,3.24,3.34,3.34,,3.34
281,22405334,7314662,COC1=CC=C(C=C1)/C=C/C(=O)C2=C(C(=O)C=CC(=C2)Br)O,Active,68,,,68.16,71.8,3.74,3.24,3.34,3.44,3.44,3.64,3.64,,3.64
282,22405570,580795,C1C2=CC(=C3C=CC=NC3=C2OCN1CC4=CC(=CC=C4)Cl)Cl,Inactive,2,,,1.92,5.46,4.35,4.25,4.25,3.94,3.44,3.54,3.64,,3.54
283,22407119,15945189,CCCCCCCCCCCCCCCC[N+]1=CC=CC2=CC=CC=C21.[I-],Inactive,1,,,0.91,4.25,3.74,3.64,3.44,3.34,3.34,3.44,3.44,,3.34
284,22408201,9626480,CCC(C)/C(=N/NC(=O)C1=CC=C(C=C1)COC2=CC(=C(C=C2)Cl)C)/C,Inactive,2,,,1.9,5.41,4.51,3.91,3.61,3.61,3.61,3.61,3.51,,3.51
285,22408274,2411698,CC(C)(C)C1=CC=C(C=C1)NC(=O)COC(=O)C2=CC=C(S2)[N+](=O)[O-],Inactive,5,,,4.51,8.12,6.72,3.71,3.61,3.71,3.71,3.61,3.61,,3.61
286,22410442,2407524,COC1=CC(=CC(=C1O)OC)/C=C\2/C(=O)/C(=C/C3=CC(=C(C(=C3)OC)O)OC)/CC2,Inactive,3,,,2.73,6.17,4.96,4.25,3.74,3.64,3.64,3.64,3.64,,3.44
287,22410965,15945417,CC1=CC(=O)C(C(=O)O1)C(=O)/C=C/C2=CC(=C(C=C2)OC)O,Inactive,0,,,-0.2,2.92,2.72,2.72,2.62,2.92,2.92,3.02,2.92,3.12,3.12
288,22412305,5021903,CC(C(=O)NNC(=S)NC(=O)C1=CC=CO1)OC2=CC=C(C=C2)Cl,Inactive,1,,,0.91,4.13,4.33,3.63,3.43,3.32,2.92,3.02,3.12,3.02,3.22
289,22412726,8219205,C1=CC=C(C(=C1)/C=C/C(=O)C2=C(C(=O)C=CC=C2)O)Cl,Inactive,16,,,15.77,19.01,3.94,3.24,3.24,3.24,3.24,3.34,3.24,,3.24
290,22413649,7314606,CC1=CC(=C(C=C1)/C=C/C(=O)C2=C(C(=O)C=CC=C2)O)C,Inactive,1,,,0.91,3.93,2.82,2.92,2.82,3.02,2.92,3.02,3.02,2.92,3.02
291,22414654,5407779,CC1=C(C(=O)OC2=C(C(=C(C=C12)O)O)Br)Br,Inactive,0,,,-0.1,3.54,3.64,3.54,3.64,3.64,3.64,3.64,3.64,,3.64
292,22414829,6263971,C1=CC=NC(=C1)/C=C/C(=O)C2=C(C=C(C=C2)Br)O,Inactive,2,,,1.5,5.81,4.01,4.01,3.91,4.01,4.21,4.31,4.21,,4.31
293,24781057,6258408,CC\1=NNC(=O)/C1=C\C2=CN(N=C2C3=CC=CC=C3)C4=CC=CC=C4,Inactive,2,,,2.44,5.81,4.59,3.98,3.57,3.47,3.37,3.57,3.47,3.47,3.37
294,24781446,81734,C1=CC(=CC=C1N2C(=O)C=CC2=O)O,Inactive,3,,,3.02,5.94,3.73,3.02,3.22,3.12,3.02,3.02,2.92,3.02,2.92
295,24781837,2059132,CC(C)(C)C1C/C(=C\C2=CC=CC=N2)/C(=O)/C(=C\C3=CC=CC=N3)/C1,Inactive,0,,,0,3.44,3.44,3.34,3.34,3.44,3.54,3.54,3.54,,3.44
296,24782038,827945,COC1=CC(=CC(=C1OC)OC)C=C2C(=O)C3=CC=CC=C3C2=O,Inactive,0,,,0.2,3.54,3.44,3.24,3.24,3.24,3.24,3.24,3.34,,3.34
297,24782524,260645,C1=CC2=C(C=C(C(=C2N=C1)O)[N+](=O)[O-])Cl,Inactive,0,,,0.31,3.43,3.83,2.82,2.92,3.12,3.12,3.12,3.02,3.22,3.12
298,24783267,1130140,CCCN1CCC2=C(C1)SC(=C2C#N)NC(=S)NC(=O)C3=CC=CC=C3,Inactive,2,,,1.61,4.53,4.23,3.93,3.53,3.43,3.22,3.12,3.22,3.12,2.92
299,24784265,16188379,CN1CCN(CC1C2=CC=CC=C2)C(=O)C3=NOC(=C3)COC4=C(C=CC=C4F)F,Inactive,2,,,1.72,5.16,5.06,4.05,4.05,3.64,3.44,3.64,3.54,,3.44
300,24784416,5415620,C1=CSC(=C1)/C=C/2\C(=O)NC(=O)N(C2=O)CCC3=CC=C(C=C3)F,Inactive,0,,,0,3.26,3.16,3.06,2.96,2.96,3.06,3.16,3.26,3.26,3.26
301,24786380,6213986,C1=CC(=CN=C1)C(=O)/C=C/C2=CC(=C(C=C2)Cl)[N+](=O)[O-],Inactive,1,,,1.02,4.28,4.08,3.47,3.16,3.06,3.16,3.26,3.26,3.26,3.26
302,24787088,2910846,COC1=C(C=C(C=C1)C=C2C(=O)C3=CC=CC=C3C2=O)O,Inactive,0,,,0.3,3.74,3.54,3.54,3.64,3.64,3.64,3.64,3.54,,3.44
303,24788172,1251267,C1CN(CCN1CC2=CC(=C3C=CC=NC3=C2O)[N+](=O)[O-])C4=CC=CC=C4,Inactive,1,,,1.11,4.13,3.12,3.02,2.92,3.02,3.02,3.12,3.02,2.72,3.02
304,24788312,5739531,C1=CC=C2C(=C1)C(=CC=N2)/C=C/C(=O)C3=CC=CS3,Inactive,0,,,0,3.12,2.92,2.82,2.92,3.12,3.02,3.12,3.12,3.02,3.12
305,24788772,1933036,COC1=CC=C(C=C1)C(=O)NNC(=S)NC(=O)/C=C/C2=CC=CS2,Inactive,1,,,0.82,4.08,3.67,3.26,3.16,3.16,3.16,3.26,3.26,3.16,3.26
306,24788891,5349389,C1=CC=C(C=C1)C(=O)O/N=C(/CC2=C(C=C(C=C2)Cl)Cl)\N,Inactive,8,,,7.65,11.12,10.1,5.81,4.08,3.67,3.57,3.47,3.57,3.47,3.47
307,24789082,2791433,COC1=CC=C(C=C1)N2C(=O)C(=C(C2=O)Cl)OC3=CC=CC(=C3)OC,Inactive,1,,,1.13,4.39,4.59,3.88,3.47,3.37,3.26,3.37,3.26,3.26,3.26
308,24789646,753352,CCOC(=O)CN1C=C(C2=CC=CC=C21)/C=C/[N+](=O)[O-],Inactive,0,,,0.31,3.47,3.16,3.16,3.16,3.26,3.26,3.16,3.16,3.16,3.16
309,24790954,5730061,C1=CC=C2C(=C1)N=C(S2)/C(=C/C3=CC=CC=N3)/C#N,Active,33,,,32.94,36.31,19.89,10.81,6.83,4.79,3.88,3.47,3.47,3.26,3.37
310,24790984,1728277,CCCCC(=O)NNC(=S)NC(=O)C1=CC=C(C=C1)C,Inactive,1,,,1.11,4.23,3.73,3.32,3.02,3.12,3.12,3.12,3.12,3.12,3.12
311,24791440,1976446,C1=CC=C2C(=C1)C(=O)C(=CO2)/C=C/3\C(=N)N4C(=NC3=O)SC(=N4)C5=CC=NC=C5,Inactive,18,,,18.2,21.44,11.33,3.24,3.34,3.24,3.34,3.34,3.34,,3.24
312,24791523,5418979,C1=CSC(=C1)/C=C/2\C(=O)NC(=O)N(C2=O)CC3=CC=C(C=C3)F,Inactive,0,,,0.1,3.64,3.54,3.44,3.34,3.24,3.44,3.54,3.54,,3.54
313,24791566,3505580,CC1=C(C2=CC=CC=C2N1)C(=O)COC(=O)C3=CC=C(S3)[N+](=O)[O-],Inactive,7,,,6.78,10.42,3.54,3.54,3.54,3.54,3.54,3.64,3.64,,3.64
314,24791576,1389577,CC1=CC=C(S1)/C=C/2\C(=O)NC(=S)N(C2=O)C3=CC=C(C=C3)F,Inactive,0,,,-0.2,3.34,3.24,3.34,3.34,3.34,3.44,3.34,3.44,,3.54
315,24792220,1834885,C1=CC=C(C=C1)C\2=NOC(=O)/C2=C\C3=CC=CO3,Inactive,2,,,1.92,4.94,3.63,3.02,3.02,2.62,2.92,2.92,2.92,3.22,3.02
316,24794804,2236648,CC(C)(C)C(=O)NC(=S)NNC(=O)C1=CC=C(C=C1)C2=CC=CC=C2,Inactive,1,,,1.43,4.69,5,5.1,3.77,3.67,3.37,3.47,3.57,3.37,3.26
317,24794842,2199938,CC1=CC\2=C(C(=C1)Br)NC(=O)/C2=C\C(=O)C3=CC=CS3,Inactive,0,,,-0.2,3.06,3.06,3.06,3.06,2.96,3.26,3.16,3.37,3.26,3.26
318,24794896,2301863,CCCCC(=O)NC(=S)NNC(=O)CCC1=CC=CC=C1,Inactive,0,,,0.4,4.21,3.71,3.81,3.81,3.91,3.91,3.91,3.91,,3.81
319,24795369,2974441,COC1=CC(=C(C=C1)N2CCN(CC2)C(=O)C3=CC=CC=C3)[N+](=O)[O-],Inactive,0,,,-0.3,2.82,2.82,2.92,3.02,3.02,3.02,3.02,3.02,3.12,3.12
320,24795564,2204400,CCN1C2=C(C=C(C=C2)Br)/C(=C/C(=O)C3=CC=CS3)/C1=O,Inactive,2,,,1.63,4.69,3.67,3.47,3.26,3.16,3.16,3.26,3.26,3.37,3.06
321,24795645,9587775,C1=CC=NC(=C1)/C(=N/OC(=O)C2=C(C=CC(=C2)Br)Cl)/N,Inactive,1,,,1.2,4.81,4.01,3.81,3.61,3.51,3.61,3.61,3.51,,3.61
322,24796208,2973383,COC1=CC(=C(C=C1)N2CCN(CC2)C(=O)C3=CC=C(C=C3)Br)[N+](=O)[O-],Inactive,2,,,2.34,5.71,5.71,3.88,3.67,3.37,3.37,3.47,3.47,3.26,3.37
323,24796234,2989016,CC(=O)CSC1=NC=NC2=C1C=NN2C3=CC=CC=C3,Inactive,0,,,0.1,3.41,3.61,3.61,3.51,3.51,3.51,3.41,3.41,,3.31
324,24796643,54687755,CCC1=NC2=CC=CC=C2C(=O)N1NC(=O)C3=C(C4=CC=CC=C4N(C3=O)CC)O,Inactive,1,,,1.4,5.01,4.91,3.81,3.21,3.31,3.21,3.31,3.21,,3.61
325,24796752,2977478,CCOC1=CC=C(C=C1)C(C2=CC(=C3C=CC=NC3=C2O)Cl)NC4=CN=CC=C4,Inactive,1,,,1.31,4.43,3.53,3.43,3.12,3.22,3.22,3.12,3.12,3.02,3.12
326,24797001,2203186,C1=CC=C(C(=C1)[N+](=O)[O-])S(=O)CC(=O)OC2=CC=C(C=C2)Br,Inactive,1,,,0.71,3.73,3.22,3.02,3.12,3.12,3.12,3.12,3.02,3.12,3.02
327,24797217,2976904,COC1=C(C=C(C=C1)Cl)C(C2=C(C3=C(C=CC=N3)C=C2)O)NC4=CN=CC=C4,Inactive,1,,,1,4.51,3.81,3.51,3.61,3.61,3.51,3.61,3.61,,3.51
328,24797341,2187440,CC1=C(C=CC(=C1)N2CCCC2)/C=C\3/C(=O)N(C(=S)S3)CCOC,Inactive,2,,,1.9,5.41,4.51,4.01,3.81,3.71,3.51,3.51,3.61,,3.51
329,24804104,1881345,C1=CC(=CC=C1C(=O)NC(=S)NNC(=O)C2=NC=CN=C2)F,Inactive,1,,,0.61,3.73,3.83,3.32,3.32,3.12,3.12,3.32,3.22,3.32,3.12
330,24805031,749785,CCN(CC)C(=O)OC1=C2C=CC(=CC2=NC=C1)Cl,Inactive,0,,,0.1,3.81,3.71,3.61,3.51,3.61,3.71,3.71,3.61,,3.71
331,24805032,749788,CN(C)C(=O)OC1=C2C=CC(=CC2=NC=C1)Cl,Inactive,0,,,0.1,3.74,3.84,3.64,3.74,3.64,3.74,3.64,3.64,,3.64
332,24805245,3132648,CC1=CC=C(C=C1)C(=O)NNC(=S)NC(=O)C2=CC=CO2,Inactive,2,,,1.9,5.51,4.31,3.91,3.61,3.61,3.51,3.41,3.51,,3.61
333,24806220,767837,C1CN(CCN1C2=CC=CC=C2)C(=O)C3=CC(=C(C=C3)Cl)[N+](=O)[O-],Inactive,3,,,2.52,5.74,3.22,3.12,3.02,3.12,3.12,2.92,3.12,3.02,3.22
334,24806280,512832,C1CCN(CC1)C2=CC=C(C=C2)N3C(=O)C=CC3=O,Inactive,0,,,0.41,3.43,3.83,3.63,3.22,2.92,3.02,3.02,3.02,3.02,3.02
335,24809714,5440098,CCOC(=O)CSC1=NC(=O)/C(=C/C2=CC=C(C=C2)Br)/S1,Inactive,0,,,0,3.16,3.16,2.96,3.06,3.06,3.16,3.16,3.26,3.16,3.16
336,24809988,3091421,CC(C)(C)C(=O)C(C(=O)NC1=CC=CC=C1)Cl,Inactive,2,,,1.64,4.9,3.37,2.96,2.96,3.06,3.16,3.16,3.26,3.16,3.26
337,24810134,16193008,CC(=O)N(/C=C\C=C\C=C/1\C(=O)C2=CC=CC=C2S1)C3=CC=CC=C3,Inactive,10,,,9.97,14.81,7.15,5.54,4.03,3.63,3.32,3.43,3.53,4.03,4.84
338,24811123,626179,COC1=CC=CC2=C1OC(=O)C(=C2)C3=NC4=CC=CC=C4O3,Inactive,1,,,0.71,4.25,4.35,4.15,4.25,3.94,3.54,3.64,3.64,,3.54
339,24811185,16193285,CCN1/C(=C/C2=[N+](C3=C(C=C2)C=C(C=C3)C)CC)/SC4=C1C5=C(C=C4)SC=C5.[I-],Inactive,9,,,8.77,11.99,5.94,5.84,5.74,4.23,3.63,3.43,3.22,3.43,3.22
340,24812054,4202676,CC1=CC2=C(C=C1)N=C(C3=NN=NN23)Cl,Inactive,3,,,3.13,6.25,4.03,3.53,2.92,3.12,3.12,2.92,3.12,2.92,3.12
341,24813235,1262919,C1CN(CCN1CC2=CC(=C(C3=C2C=CC=N3)O)[N+](=O)[O-])C4=CC=CC(=C4)C(F)(F)F,Inactive,1,,,0.91,4.23,3.93,3.53,3.43,3.22,3.22,3.02,3.02,3.32,3.32
342,24813372,787747,C1=CC(=CC=C1/C=C\2/C(=NOC2=O)C3=CC=C(C=C3)Cl)O,Inactive,1,,,0.7,4.21,4.01,3.71,3.51,3.51,3.61,3.61,3.71,,3.51
343,24813439,605332,C1=CC2=CC(=CC(=C2N=C1)O)[N+](=O)[O-],Inactive,1,,,0.71,4.08,3.37,3.57,3.77,3.57,3.47,3.47,3.57,3.67,3.37
344,24813747,761546,C1=CC2=C(C(=C(C=C2Br)Br)O)[N+](=C1)[O-],Inactive,1,,,1.12,4.59,3.77,3.77,3.57,3.47,3.47,3.37,3.37,3.47,3.47
345,24816179,763709,C1=CC=C(C(=C1)/C=C\2/C(=O)C3=CC=CC=C3OC2=O)O,Inactive,1,,,0.71,3.63,3.43,2.92,2.62,2.62,2.82,2.92,3.12,3.02,2.92
346,24818140,3132897,C1=CC=C(C=C1)C(=O)NC(=S)NNC(=O)COC2=CC=CC=C2,Inactive,2,,,2.04,5.51,4.28,3.47,3.47,3.26,3.37,3.57,3.67,3.67,3.47
347,24818659,1489658,CC(=O)N(C1=NC=NC2=C1C(=NN2C(C)(C)C)C3=CC=C(C=C3)Cl)C(=O)C,Inactive,0,,,-0.2,3.31,3.41,3.41,3.41,3.51,3.51,3.61,3.51,,3.51
348,24818713,1471842,CC(=O)NC1=C2C(=NN(C2=NC=N1)C(C)(C)C)C3=CC=C(C=C3)Cl,Inactive,0,,,-0.91,2.83,2.93,3.24,3.44,3.54,3.64,3.64,3.54,,3.74
349,24818917,135472875,C1=CC=NC(=C1)C2=NC(=C(C(=O)N2)Br)C(F)(F)F,Inactive,2,,,1.73,5.1,3.88,3.57,3.57,3.47,3.57,3.47,3.57,3.37,3.37
350,24818987,54683770,CCN1C2=CC=CC=C2C(=C(C1=O)C(=O)C)O,Inactive,0,,,-1.71,2.52,2.62,2.92,2.92,3.12,3.12,3.32,3.32,3.43,4.23
351,24819362,1481406,CN(C)/C=C/C(=O)C1=CC=C(O1)C2=C(C=C(C=C2)Cl)Cl,Inactive,1,,,0.8,4.51,4.31,4.11,3.91,3.91,3.91,3.91,3.91,,3.71
352,24819610,1484351,COC1=CC=C(C=C1)C2=CC(=O)N(C2=O)NC3=CC=CC=C3,Inactive,2,,,1.63,4.79,3.57,3.16,3.06,3.16,3.26,3.47,3.47,3.16,3.16
353,24820850,568367,C1C(=NN(C1=O)C2=NC(=CS2)C3=CC=CC=C3)C4=CC=CC=C4,Inactive,2,,,2.23,5.26,6.57,4.35,3.34,3.24,3.24,3.24,3.14,,3.03
354,24821021,2937312,C1C(C(=O)N(C1=O)C2=CC3=C(C=C2)OCO3)SC4=CC=CC=C4C(=O)O,Inactive,0,,,0,3.26,3.16,3.16,3.26,3.26,3.16,3.37,3.16,3.37,3.26
355,24821366,1617287,CC1(OC(=C/C(=C/C=C2C(=O)NC(=S)NC2=O)/O1)C3=CC=CC=C3)C,Inactive,4,,,4.49,7.55,5.2,4.59,3.88,3.57,3.37,3.37,3.26,3.37,3.06
356,24821549,3161516,C1COC2=C(O1)C=CC(=C2)C(=O)NC3=CC=C(C=C3)NC(=O)C4=CC5=CC=CC=C5O4,Inactive,0,,,0.1,3.51,3.51,3.41,3.41,3.41,3.41,3.41,3.41,,3.41
357,24822471,1087466,C1=CC2=C(C=C1N=CC3=C(C(=CC(=C3)Br)Br)O)C=NN2,Inactive,1,,,1.01,4.13,2.82,2.82,3.02,2.82,3.12,3.12,3.12,3.22,3.12
358,24822786,2226076,CCOC1=CC=C(C=C1)N2C(=O)/C(=C\C3=CC=CS3)/C(=O)NC2=S,Inactive,0,,,-0.4,3.21,3.21,3.31,3.41,3.61,3.41,3.61,3.61,,3.61
359,24823007,5953874,C1=COC(=C1)/C=C\2/C(=O)N(C(=N)S2)C3=NC=CS3,Inactive,0,,,0.1,3.02,2.82,2.72,2.72,2.82,2.92,2.92,2.92,2.82,2.92
360,24824133,6604199,C[C@H]1C[C@H](C(=O)[C@H](C1)[C@@H](CC2CC(=O)NC(=O)C2)O)C,Inactive,1,,,1.3,4.61,4.81,5.11,5.11,4.61,4.41,3.91,3.61,,3.31
361,24824214,5187457,C1=CC(=CC(=C1)[N+](=O)[O-])C(=O)NC2=NN=C(O2)C3=CC=C(C=C3)F,Inactive,0,,,0.2,3.57,3.57,3.47,3.77,3.37,3.47,3.47,3.37,3.37,3.37
362,24824347,4519571,C1=CC(=CC=C1C2=NC3=C(C=C(C=C3)Cl)C(=O)N2O)[N+](=O)[O-],Inactive,0,,,0.3,3.94,3.74,3.24,3.14,3.24,3.34,3.44,3.54,,3.64
363,24824363,1471105,C1=CC(=CC=C1C2=NC3=C(C=C(C=C3)Br)C(=O)N2O)[N+](=O)[O-],Inactive,0,,,0.2,3.51,4.31,3.31,3.31,3.11,3.11,3.21,3.31,,3.31
364,24825067,2114872,C1=CC=NC(=C1)C(=O)NC2=NC3=C(S2)C=C(C=C3)F,Inactive,1,,,0.82,4.08,3.98,3.67,3.57,3.57,3.57,3.47,3.37,3.37,3.26
365,24825214,3898532,CC1=C(C=CC(=C1)C(=O)NC2=NC(=CS2)C3=CC=CC=N3)[N+](=O)[O-],Inactive,1,,,1.31,4.03,3.22,3.12,3.02,3.02,3.02,3.02,3.02,2.92,2.72
366,24826331,2406187,C1=CC=C2C(=C1)C=C(O2)C(=O)NC3=NC(=CS3)C4=CC=CC=N4,Inactive,2,,,1.52,4.74,3.93,3.22,3.02,3.12,3.02,3.12,3.02,3.12,3.22
367,24826625,2446951,C1=CC=C(C=C1)S(=O)(=O)C2=NC=C(C=C2)C(F)(F)F,Inactive,0,,,-0.2,3.37,3.47,3.57,3.57,3.57,3.57,3.57,3.57,3.57,3.57
368,24826688,6364517,CCN\1C2=CC=CC=C2S/C1=C\C(=C\C3=[N+](C4=CC=CC=C4S3)CC)\C.[I-],Inactive,2,,,2.12,5.44,3.63,3.73,3.32,3.32,3.32,3.32,3.32,3.22,3.32
369,24827237,5841297,C1=CC=C(C(=C1)/C=C/C(=O)C2=CC=CC=C2Br)[N+](=O)[O-],Inactive,9,,,8.77,12.14,4.28,3.67,3.47,3.47,3.47,3.57,3.57,3.37,3.37
370,24827370,883995,CC1=CC=C(C=C1)C(=O)/C=C/C(=O)C2=CC=C(C=C2)C,Inactive,1,,,0.61,4.08,3.77,3.47,3.37,3.37,3.37,3.37,3.47,3.57,3.47
371,24829002,2161237,CC1=CC=C(C=C1)C2=C(SC(=N2)C)CC(=O)NC3=NN=C(S3)C,Inactive,0,,,0,3.41,3.41,3.31,3.41,3.31,3.21,3.31,3.31,,3.41
372,24831797,4011297,CC1=CC(=C(C(=C1)C)OCC(=O)NC2=NC(=CS2)C3=CC=CC=N3)C,Inactive,0,,,0.3,3.74,3.74,3.54,3.54,3.64,3.64,3.64,3.54,,3.44
373,24833838,2461541,C1CN(CCC1C(=O)NC2=CC=C(C=C2)N3CCOCC3)S(=O)(=O)C4=CC5=C(C=C4)OCCO5,Inactive,0,,,0.1,4.01,3.91,3.81,3.81,3.91,3.91,3.81,3.81,,3.91
374,24834908,5095822,C1=CC(=CC(=C1)NC(C2=CC=NC=C2)C3=C(C4=C(C=CC=N4)C=C3)O)C(F)(F)F,Inactive,1,,,0.7,4.21,3.81,3.71,3.61,3.61,3.61,3.51,3.61,,3.51
375,24835385,2322061,CC1=C(N2C=CC=CC2=C1)C(=O)C3=CC=C(O3)[N+](=O)[O-],Inactive,18,,,17.65,21.32,4.9,3.67,3.47,3.47,3.37,3.67,3.47,3.57,3.67
376,24835858,2527938,C1COCCN1S(=O)(=O)C2=CC=C(C=C2)NS(=O)(=O)C3=CC=CC(=C3)C(=O)O,Inactive,0,,,0,3.64,3.54,3.64,3.54,3.54,3.54,3.54,3.54,,3.64
377,24835922,2472065,CC1=CC(=C(N1C2=CC=CC=C2F)C)C(=O)COC(=O)C3=CC=CNC3=O,Inactive,2,,,2.4,5.81,3.71,3.41,3.41,3.51,3.51,3.61,3.61,,3.41
378,24838958,244634,C1=CC(=CC=C1C2=CSC(=O)N2)Cl,Inactive,0,,,0.1,3.44,3.44,3.34,3.34,3.44,3.34,3.34,3.44,,3.34
379,24840049,2366734,C1CN(CCN1C(=O)COC(=O)C2=CC(=NC3=CC=CC=C32)C4=CC=CC=C4)C(=O)C5=CC=CO5,Inactive,0,,,0.1,3.32,3.32,3.43,3.32,3.22,3.32,3.22,3.12,3.22,3.22
380,24840059,3000201,CCOC(=O)C1=C(OC2=C1C(=C(C3=CC=CC=C32)O)C(C4=CC=NC=C4)N5CCOCC5)C,Inactive,3,,,2.62,5.64,3.83,2.82,2.72,2.62,2.82,2.92,2.92,3.02,3.02
381,24840123,2334417,C1CN(CCN1C(=O)COC(=O)C2=CC(=NC3=CC=CC=C32)C4=CC=C(C=C4)F)C(=O)C5=CC=CO5,Inactive,0,,,-0.2,2.92,3.12,3.12,3.02,3.02,2.92,3.02,3.02,3.22,3.12
382,26657457,2442939,CCN(CC(=O)NC(C)(C)C)C(=O)COC1=C(C=C(C2=C1N=C(C=C2)C)Cl)Cl,Inactive,1,,,1,4.41,3.91,3.71,3.71,3.61,3.61,3.51,3.61,,3.41
383,26658623,6049359,C1=CC=NC(=C1)/C=C/C(=O)C2=C(C=CC(=C2)Br)O,Inactive,1,,,1.11,4.23,3.63,3.32,3.22,3.12,3.43,3.12,3.12,3.43,3.12
384,26658656,5852959,C1=COC(=C1)C(=O)/C=C/C2=C(C=CC(=C2)Br)O,Inactive,0,,,-0.1,2.92,2.82,2.82,2.92,3.02,3.02,2.92,3.02,3.12,3.02
385,26658886,282594,CC(=O)N(C1CCCCC1)C2=C(C(=O)C3=CC=CC=C3C2=O)Cl,Inactive,7,,,7.06,10.28,5.94,3.83,3.53,3.22,3.12,3.22,3.02,3.63,3.22
386,26659333,5601088,CC\1=CC(=O)C(=C/C1=N/OS(=O)(=O)C2=CC=CC=C2)C(C)C,Inactive,3,,,2.75,6.12,4.39,3.37,3.37,3.37,3.37,3.37,3.37,3.26,3.37
387,26659756,1916369,COC(CNC(=O)C1=CC=C2C3=C(C4=CC=CC=C4C2=O)ON=C13)OC,Inactive,5,,,5.34,8.46,3.73,3.53,3.43,3.32,3.43,3.22,3.32,3.22,3.12
388,26659773,5898134,CN1C(=CN=C1/C=C/C(=O)C2=C(C=CC(=C2)Cl)O)Cl,Inactive,2,,,1.62,4.74,3.63,3.12,3.02,3.12,3.12,3.32,3.22,3.32,3.12
389,26659972,1932894,C1=CSC(=C1)C(=O)NC(=S)NNC(=O)CC2=CC=C(C=C2)Cl,Inactive,1,,,1.1,4.81,4.11,3.81,3.81,3.61,3.51,3.61,3.51,,3.71
390,26660116,1933177,CCCOC1=CC=C(C=C1)C(=O)NNC(=S)NC(=O)C2=CC=CO2,Inactive,1,,,1.11,3.93,3.83,3.32,3.12,2.92,3.02,2.92,2.92,2.92,2.82
391,26660299,54688349,CCCCCN1C2=CC=CC=C2C(=C(C1=O)C(=O)NC3=NC4=CC=CC=C4N3)O,Inactive,0,,,0.1,3.54,3.34,3.44,3.34,3.34,3.44,3.44,3.44,,3.44
392,26660712,3794954,COC1=CC=C(C=C1)N=NC2=C3C=CC=NC3=C(C=C2)O,Inactive,1,,,0.51,3.63,3.32,3.63,3.32,3.12,3.02,3.12,2.82,3.12,3.12
393,26660752,5898784,CN1C(=CN=C1/C=C/C(=O)C2=CC=CC=C2O)Cl,Inactive,1,,,0.61,3.98,3.26,2.96,2.96,2.96,3.06,3.16,3.26,3.16,3.37
394,26661080,1895588,CC1=C(C(=O)N(N1C)C2=CC=CC=C2)N3C(=O)/C(=C\C4=CC=CC=C4O)/SC3=S,Inactive,1,,,0.6,4.21,4.31,4.01,3.51,3.61,3.51,3.61,3.61,,3.61
395,26662483,989046,CC1=C(C2=NC3=CC=CC=C3N2C(=C1CC4=CC=CC=C4)NCCN(C)C)C#N,Inactive,2,,,2.04,5.51,5.71,3.47,3.37,3.26,3.26,3.37,3.26,3.37,3.47
396,26662978,916995,CC(=O)OC1=C(N=C(O1)C2=CC=CC=C2)C=NC3=CC=C(C=C3)OC,Inactive,0,,,0,2.72,2.82,2.62,2.82,2.92,3.12,3.02,3.22,3.02,2.72
397,26662979,917296,CC(=O)OC1=C(N=C(O1)C2=CC=CC=C2)C=NC3=CC(=CC=C3)OC,Inactive,0,,,-0.2,2.92,2.82,2.82,3.02,2.92,3.02,3.22,3.32,3.22,3.12
398,26662980,1911515,CCC(=O)OC1=C(N=C(O1)C2=CC=CC=C2)C=NC3=CC=C(C=C3)C,Inactive,0,,,-0.5,2.62,2.82,2.72,2.92,3.02,3.02,3.02,3.02,3.22,3.12
399,26663114,917267,CC(=O)OC1=C(N=C(O1)C2=CC=CC=C2)C=NC3=CC=C(C=C3)N(C)C,Inactive,0,,,0,3.22,3.02,3.02,3.02,3.02,3.22,3.22,3.43,3.12,3.22
400,26663284,3848646,C1=COC(=C1)C(=O)NC(=S)NNC(=O)C2=CC=C(C=C2)F,Inactive,2,,,1.5,5.11,4.21,3.81,3.71,3.71,3.51,3.61,3.61,,3.61
401,26663463,5852660,CC(C1=CC=CC=C1)N2C(=O)/C(=C/C3=CC=NC=C3)/SC2=S,Inactive,1,,,0.81,4.35,3.34,3.34,3.34,3.34,3.44,3.44,3.44,,3.54
402,26663644,1861043,CCCC1=NC2=C(C(=NN2C(=C1)NCC3=CC=CC=N3)C)C4=CC=CC=C4,Inactive,2,,,2.02,5.24,5.14,3.83,3.43,3.12,3.22,3.22,3.22,3.22,3.22
403,26663690,1962660,CC1=NN2C(=C1C3=CC=CC=C3)N=C4CCCC4=C2NCC5=CC=CC=N5,Inactive,3,,,2.72,5.64,5.64,5.64,3.53,3.32,3.12,3.22,3.12,3.22,2.92
404,26663744,930984,C1=CC=C(C=C1)C2=CC(=CC=C2)N3C(=O)C=CC3=O,Inactive,2,,,1.82,5.14,4.33,3.93,3.32,3.43,3.22,3.22,3.32,3.12,3.32
405,26664157,342017,C1=CC=C(C=C1)C2=NC3=NC(=CN3N=C2C4=CC=CC=C4)C5=CC=C(C=C5)[N+](=O)[O-],Inactive,3,,,3.13,7.66,5.44,7.05,7.15,4.94,3.93,3.53,3.83,4.13,4.53
406,26664184,3528206,CNC1=NC(=C(C(=N1)NC2=CC(=CC=C2)F)[N+](=O)[O-])N,Inactive,0,,,-0.2,3.81,3.81,4.11,4.21,4.31,4.31,4.41,4.31,,4.01
407,26664617,272568,C1CN(CCN1CC2=CC(=C3C=CC=NC3=C2O)Br)C4=CC=CC=C4,Inactive,3,,,2.52,5.44,3.53,3.12,3.02,3.02,3.02,3.12,3.12,3.12,2.92
408,26664712,256444,C1=CC(=CC=C1N=NC2=C(C=C(C=C2Cl)O)Cl)[N+](=O)[O-],Inactive,1,,,0.82,3.88,3.77,3.57,3.26,3.26,3.37,3.16,3.16,3.26,3.06
409,26664798,93572,C1=CC=C2C(=C1)C=CC(=C2N=NC3=NC=CS3)O,Inactive,1,,,0.51,3.43,3.12,3.22,3.02,3.02,3.02,3.02,3.02,2.92,2.92
410,26665066,342201,C1=CC(=CC(=C1)NC(=O)OC2=C3C(=C(C=C2)Cl)C=CC=N3)C(F)(F)F,Inactive,1,,,0.5,3.84,3.84,3.74,3.64,3.54,3.54,3.54,3.54,,3.34
411,26665129,250997,COC1=CC(=C(C(=C1)SSC2=CC(=CC(=C2N)[N+](=O)[O-])OC)N)[N+](=O)[O-],Inactive,1,,,1.01,3.83,3.12,2.82,2.92,2.82,2.92,3.02,2.92,3.02,2.82
412,26665255,100520,C1=CN=CN=C1SC2=NC=C(S2)[N+](=O)[O-],Inactive,7,,,6.73,9.99,4.08,3.67,3.47,3.37,3.37,3.37,3.37,3.26,3.26
413,26665500,11905861,C1[C@@H]([C@H]1C(=O)NNC(=S)NC(=O)C2=CC(=CC=C2)F)C3=CC=CC=C3,Inactive,1,,,1.3,4.81,4.41,4.11,3.81,3.41,3.61,3.51,3.61,,3.51
414,26665608,1834882,C1=CC=C(C=C1)C\2=NOC(=O)/C2=C/C3=CC=CO3,Inactive,2,,,1.64,4.9,3.98,3.47,3.16,3.06,3.06,3.16,3.26,3.26,3.26
415,26665682,16682454,C1=CC=C(C=C1)C2=C(N3C=CC(=CC3=C2)C(=O)[O-])C(=O)C4=CC=CC=C4.O,Inactive,1,,,0.51,3.43,2.82,2.92,2.92,3.02,3.12,2.92,3.02,3.12,2.92
416,26665683,16682455,COC1=CC=C(C=C1)C2=C(N3C=CC(=CC3=C2)C(=O)[O-])C(=O)C4=CC=CC=C4.O,Inactive,0,,,0,2.92,2.92,3.02,3.02,3.02,2.92,2.82,2.92,3.02,2.92
417,26665957,699724,CC1=CC=C(O1)/C=C/2\C(=NOC2=O)C3=CC=CC=C3,Inactive,5,,,4.69,7.75,4.39,3.37,2.86,2.75,2.75,2.86,2.96,3.06,3.06
418,26666431,5789606,CC1=CC=C(O1)/C=C\2/C(=O)N(C(=S)S2)CC3CCCO3,Inactive,0,,,0.31,3.57,3.16,3.16,3.16,3.16,3.26,3.16,3.26,3.26,3.26
419,26666787,135460261,COC1=C(C=CC(=C1)/C=C/C2=NC3=C(C=C2)C(=CC(=C3O)Br)Br)O,Inactive,4,,,3.65,8.5,6.57,5.97,5.76,5.66,5.66,5.46,5.26,,4.85
420,26666895,260644,C1=CC2=C(C=C(C(=C2N=C1)O)[N+](=O)[O-])F,Inactive,1,,,0.72,3.98,3.26,3.06,3.16,3.16,3.26,3.26,3.26,3.26,3.26
421,26667079,1716445,CC1=CC=C(C=C1)C\2=NOC(=O)/C2=C\C3=CC=C(O3)C,Inactive,4,,,4.29,7.55,3.57,2.86,2.86,2.96,3.16,3.16,3.26,3.26,3.26
422,26668614,652995,C1CN(CCN1C2=NC=NC3=C2C=NN3C4=CC=CC=C4)C(=O)COC5=CC=CC=C5,Inactive,0,,,0,3.44,3.24,3.34,3.54,3.54,3.44,3.44,3.44,,3.44
423,26671217,872810,C1=CC(=CC=C1N2C(=O)C=CC2=O)SC3=CC=C(C=C3)[N+](=O)[O-],Inactive,3,,,2.96,6.22,3.77,4.18,3.57,3.57,3.37,3.47,3.47,3.37,3.26
424,26671559,1629947,C1CN(C2=C1C=C(C=C2)C=C3C(=O)NC(=S)NC3=O)CCCCl,Inactive,2,,,1.82,4.74,3.53,2.92,2.62,2.72,2.92,2.92,2.92,2.82,2.92
425,26671605,1602504,COC1=CC=C(C=C1)N2C(=O)/C(=C/C3=CC=CS3)/C(=O)NC2=S,Inactive,0,,,-0.5,3.31,3.01,3.81,3.71,3.81,3.81,3.91,3.91,,3.81
426,26725321,16745544,CC1(C(=O)C2=COC(=CC2=C(C1=O)Br)C3=CC=C(C=C3)OC)O,Inactive,3,,,3.24,7.08,5.26,4.25,3.64,3.64,3.74,3.74,3.74,,3.84
427,26725322,16745545,CC1(C(=O)C2=COC(=CC2=C(C1=O)Br)C3=CC=C(C=C3)OC)OC(=O)CCC(=O)OC,Inactive,2,,,2.21,7.22,5.41,4.71,4.81,4.61,4.81,4.91,4.81,,5.01
428,26725441,16745663,CC1(C(=O)C=C2C=C(OC=C2C1=O)CCCC(=O)OC)OC(=O)CCC3=CC=CC=C3,Inactive,0,,,-0.2,3.44,3.34,3.24,3.24,3.34,3.44,3.44,3.64,,3.64
429,26725603,16745823,C1=CC=C(C=C1)C(=O)NC2=CC=CC(=C2)C3=CSC(=N3)NC4=CC=CC=C4,Inactive,0,,,0.1,4.01,4.01,4.01,3.91,3.91,3.91,3.91,3.91,,3.91
430,26725675,2772102,C1=CC=NC(=C1)NC2=C(C3=NON=C3C(=C2)Cl)[N+](=O)[O-],Active,37,,,36.98,40,40.7,13.1,3.12,3.12,3.02,3.02,3.02,2.92,3.02
431,26725781,1874139,COC1=CC=C(C=C1)/C=C/C(=O)NC(=S)NNC(=O)C2=NC=CN=C2,Inactive,2,,,2.21,4.63,4.53,4.63,3.32,3.02,3.12,3.12,2.92,3.02,2.42
432,26725814,54677747,C1=CC=C2C(=C1)C(=C(C(=O)O2)[C@H]3C4=C(C=C(C=C4)O)OC5=C3C(=O)OC6=CC=CC=C65)O,Inactive,0,,,0,3.32,3.43,3.53,3.12,3.32,3.22,3.43,3.43,3.22,3.32
433,26725832,3746037,C[N+]1=C2C=CC=CC=C2SC13C(=CC(=[N+]([O-])[O-])C=C3[N+](=O)[O-])[N+](=O)[O-],Inactive,0,,,-0.2,2.92,3.12,3.12,3.12,3.02,3.02,3.12,2.92,3.12,3.12
434,26725855,3453284,C1=CC2=C(C=C1Br)C3C(C(SC4=C3SC(=O)N4)C(=O)O)C(=O)O2,Inactive,3,,,3.26,6.83,4.18,4.18,3.47,3.47,3.47,3.47,3.47,3.37,3.57
435,26725933,1991174,C1=CC(=CC=C1/C=C/C(=O)NC(=S)NNC(=O)C2=NC=CN=C2)F,Inactive,1,,,1.41,4.43,4.23,4.84,4.74,3.12,2.92,3.02,2.92,2.82,3.02
436,26725952,1875855,C1=CC(=CC=C1C(=O)NC(=S)NNC(=O)C2=NC=CN=C2)Cl,Inactive,2,,,2.04,5.41,4.9,5.1,4.79,3.88,3.57,3.47,3.47,3.57,3.37
437,26726824,5713202,CC1=CC(=NC(=N1)S/C=C/C(=O)C2=CC=CC=C2)C,Inactive,1,,,1.02,4.18,3.67,3.47,3.37,3.26,3.37,3.37,3.37,3.37,3.16
438,26726946,94873,C1=CC=C(C=C1)C(=O)NOC(=O)C2=CC=CC=C2,Inactive,2,,,2.3,5.81,4.01,3.71,3.71,3.61,3.61,3.61,3.61,,3.51
439,26727034,2801235,COC1=NC(=C(C=C1)[N+](=O)[O-])S(=O)(=O)C2=CC=C(C=C2)Cl,Inactive,1,,,0.72,3.88,5.2,4.08,3.98,3.57,3.47,3.47,3.47,3.37,3.16
440,26727035,2801236,COC1=NC(=C(C=C1)[N+](=O)[O-])S(=O)(=O)C2=CC=CC=C2,Inactive,1,,,0.81,4.28,3.77,3.57,3.67,3.57,3.47,3.47,3.47,3.47,3.47
441,26727100,2731237,C1=CC=C(C=C1)C(=O)C2=CC=CC=C2N3C(=O)C=CC3=O,Inactive,1,,,1.12,4.59,4.39,3.98,3.57,3.57,3.47,3.47,3.47,3.47,3.47
442,26727317,2726176,CC1=CC=C(C=C1)S(=O)(=O)C2=NC(=C(C(=C2C#N)C)[N+](=O)[O-])C,Inactive,1,,,1.33,4.9,4.79,3.98,3.57,3.47,3.37,3.37,3.37,3.47,3.57
443,26727318,2726174,CC1=C(C(=NC(=C1[N+](=O)[O-])C)S(=O)(=O)C2=CC=CC=C2)C#N,Inactive,1,,,0.61,3.73,3.73,3.22,3.12,3.22,3.12,3.12,3.22,3.02,3.12
444,26727542,2803479,COC1=CC(=C(C=C1N2C(=O)C=CC2=O)OC)Cl,Inactive,2,,,1.82,5.14,3.73,3.32,3.12,3.12,3.22,3.43,3.22,3.22,3.32
445,26727910,2820199,CS(=O)(=O)C1=C2C(=C(S1)C#N)CC(CC2=O)C3=CC=CC=C3,Inactive,1,,,0.92,4.18,3.57,3.47,3.47,3.37,3.37,3.37,3.26,3.26,3.26
446,26728274,2821421,C1=CSC(=C1)S(=O)(=O)C2=NC=CN=C2C#N,Inactive,1,,,0.61,3.83,3.73,3.53,3.32,3.32,3.22,3.22,3.22,3.02,3.22
447,26728304,2816883,C1CCN(CC1)CCSC2=C3C(=C(SC3=NS2)C(=O)C4=CC=CS4)N,Inactive,18,,,17.85,21.11,8.47,5.71,4.18,3.67,3.47,3.37,3.37,3.37,3.26
448,26728639,2805678,CC1=NN(C2=C1S(=O)(=O)N=C(S2)SC)C,Inactive,0,,,0,3.12,2.92,2.92,3.12,3.12,3.12,3.12,3.12,3.22,3.12
449,26729028,2800260,CN1C(=O)C(=C(C=N1)S(=O)(=O)CC2=CC=CC=C2)Cl,Inactive,0,,,0.2,3.22,3.53,3.02,2.92,2.92,3.02,2.82,2.92,2.92,3.02
450,26729070,9583715,CC(C)(C)C1=CC=C(C=C1)/C(=N/OC2=NC=NC3=C2C=NN3C)/N,Inactive,2,,,1.83,5.2,5.61,4.79,3.98,3.57,3.47,3.37,3.37,3.57,3.37
451,26729073,2732206,C1=CC=C(C=C1)C(C[N+](=O)[O-])SC2=CC=CC=C2N,Inactive,1,,,0.62,3.88,3.57,3.47,3.47,3.37,3.37,3.47,3.37,3.26,3.26
452,26729336,2746833,CC1=NC(=C(S1)C(=O)SC2=CC=C(C=C2)Cl)C(F)(F)F,Inactive,2,,,2.22,5.14,4.23,3.53,3.22,3.22,3.12,3.02,2.82,3.02,2.92
453,26729581,185371,C1=CC=NC(=C1)CCN2C(=O)C3=C4C(=C(C=C3)[N+](=O)[O-])C=CC=C4C2=O,Inactive,12,,,11.59,14.61,8.56,4.23,3.43,3.22,3.02,3.02,2.92,3.02,3.02
454,26730235,2725954,CC1=C(C(=S)N=C(N1)C2=CC=CC=N2)Cl,Inactive,0,,,0.4,4.03,3.83,3.53,3.12,3.22,3.32,3.22,3.43,3.53,3.63
455,26730251,2732729,COC1=CC(=CC(=C1)C=C2C(=O)C3=CC=CC=C3C2=O)OC,Inactive,0,,,0,3.51,3.41,3.41,3.51,3.51,3.61,3.51,3.71,,3.51
456,26730525,2802640,C1CN(CCN1C2=CC=CC3=C2C=CN3)C(=O)C4=CC=C(C=C4)Cl,Inactive,0,,,-0.2,2.82,2.92,2.92,2.82,3.02,2.92,3.12,3.02,2.92,3.02
457,26731261,2803074,CN(C)NC(=S)NC1=CC=C(C=C1)S(=O)(=O)N2CCCCC2,Inactive,0,,,-0.1,3.24,3.14,3.34,3.44,3.54,3.44,3.44,3.44,,3.34
458,26731676,5712940,CN1C(=CN=C1/C=C(\C#N)/C(=O)NC2=C(C=C(C=C2)OC)OC)[N+](=O)[O-],Inactive,2,,,2.32,5.54,5.14,5.04,4.23,3.93,3.53,3.22,3.22,3.32,3.22
459,26731687,5713372,C1OC2=C(O1)C=C(C=C2)C(=O)/C=C\3/C4=C(C=CC(=C4)Br)NC3=O,Inactive,0,,,-0.4,2.72,2.82,2.72,2.72,2.92,2.92,3.12,3.02,2.92,3.12
460,26732416,16060230,C1CN(CCN(C1=O)CCOCC2=CC=C(C=C2)F)S(=O)(=O)C3=CC=CC=C3,Inactive,0,,,0,3.64,3.74,3.54,3.64,3.64,3.64,3.64,3.64,,3.64
461,46501253,40517364,CC[C@H](C)/C=C(\C)/C=C/C1=CC2=C(C(=O)[C@@](C(=O)C2=CO1)(C)OC(=O)C)Cl,Inactive,2,,,2,5.81,4.31,4.11,3.71,3.71,3.81,3.81,3.91,,3.81
462,47170074,2377519,CC(C)(C)C(=O)/C(=C\1/N(C(=O)/C(=C/C2=CC=C(C=C2)N(C)C3=CC=CC=C3)/S1)CC4=CC=CO4)/C#N,Inactive,20,,,19.85,22.67,16.32,11.48,7.96,5.24,3.83,3.12,3.02,3.02,2.82
463,47194693,695637,COC1=C(C=CC(=C1)/C=C\2/C(=NOC2=O)C3=CC=C(C=C3)Cl)O,Inactive,1,,,0.5,4.01,3.91,3.71,3.61,3.51,3.61,3.61,3.51,,3.51
464,47194900,901998,C1=CC(=CC(=C1)S(=O)(=O)C2=NC=C(C=C2)[N+](=O)[O-])C(F)(F)F,Inactive,1,,,0.81,4.03,3.73,3.53,3.32,3.22,3.22,3.22,3.32,3.22,3.22
465,47195243,5416363,C/C(=N/NC(=O)C1=CC=C(C=C1)C(C)(C)C)/C2=CC=CC=N2,Inactive,1,,,0.82,3.98,3.26,3.06,3.16,3.26,3.16,3.26,3.16,3.16,3.16
466,47195303,1790571,CC1=CC(=CC=C1)C(=O)NNC(=S)NC(=O)C2=CC=CC=C2,Inactive,1,,,0.9,4.51,3.91,3.71,3.61,3.51,3.51,3.41,3.51,,3.61
467,47197004,2201555,COC1=CC(=C(C=C1)OC)S(=O)(=O)ON2C(=O)C3=CC=CC=C3C2=O,Inactive,18,,,17.84,22.23,5.41,3.67,3.26,3.37,3.37,3.47,3.47,3.88,4.39
468,47199273,23723895,C1=CC=[N+]2C(=C1)C=CC3=C2C=C(C=C3)N.[O-]Cl(=O)(=O)=O,Inactive,15,,,14.71,17.83,10.98,7.56,5.14,4.33,3.53,3.43,3.22,3.02,3.12
469,47199300,3861071,COC1=C(C=CC(=C1)NC(=O)C2=CC=CC=C2[N+](=O)[O-])NC(=O)C3=CC4=CC=CC=C4O3,Inactive,0,,,0.1,3.51,3.51,3.51,3.51,3.61,3.51,3.51,3.51,,3.41
470,47202860,5956650,CC1=C(SC=C1)/C=C/2\C(=O)NC(=S)N(C2=O)C,Inactive,0,,,-1.4,2.21,2.61,4.01,3.61,3.41,3.31,3.31,3.51,,3.61
471,47203651,5291685,C1=CC=C2C(=C1)C(=O)OC(=N2)/C=C/C3=CC=C(S3)[N+](=O)[O-],Inactive,13,,,12.59,15.51,7.46,4.74,4.03,3.43,3.22,3.02,3.12,3.12,2.92
472,47203863,843035,CCC(=O)NC1=CC(=C(C=C1)NC(=O)C2=CC3=CC=CC=C3O2)OC,Inactive,0,,,0.1,3.51,3.51,3.61,3.51,3.51,3.41,3.41,3.51,,3.41
473,47204346,23724408,CC1=C(C2=CC=CC=C2N1CC=C)/C=C/C3=CC=[N+](C=C3)C.[I-],Inactive,5,,,5.14,8.06,5.74,4.23,3.93,3.22,2.92,3.02,3.02,3.12,2.92
474,49642732,2990360,CN1C2=C(C=C(C=C2)F)C3=C1N=C(N=N3)SC,Inactive,1,,,0.51,4.05,4.15,3.94,3.64,3.64,3.64,3.74,3.74,,3.54
475,49643589,1103612,CC(=O)OC1=CC=CC(=C1)N2C(=O)C3=C4C(=C(C=C3)[N+](=O)[O-])C=CC=C4C2=O,Inactive,6,,,6.06,9.3,7.79,5.46,4.05,3.54,3.44,3.34,3.24,,3.24
476,49645303,135516114,CC1=CC2=C(C=C1)N=C(N2)/C(=C/C3=CC(=C(C=C3)O)O)/C#N,Inactive,0,,,0.41,3.67,3.57,3.37,3.37,3.26,3.37,3.37,3.47,3.37,3.26
477,49645837,744222,COC1=CC=C(C=C1)C(=O)/C=C/2\C3=CC=CC=C3NC2=O,Inactive,0,,,-0.2,2.82,3.12,2.82,2.82,2.82,2.92,3.02,3.02,2.92,3.02
478,49646138,947879,COC1=C(C=C(C=C1)C(=O)/C=C/2\C3=CC=CC=C3NC2=O)OC,Inactive,0,,,-2.14,3.16,3.37,3.16,3.26,3.37,3.47,3.47,3.57,4.08,5.3
479,49646648,917183,CC1=CC=C(C=C1)C(=O)SC2=CC=CC=CC2=O,Inactive,2,,,1.63,5.1,3.47,3.57,3.57,3.47,3.47,3.57,3.37,3.47,3.47
480,49646676,4968413,CC1=C(C(=O)N(N1)C2=CC=CC=C2)C(C3=CC=CC=C3[N+](=O)[O-])C(C#N)C#N,Inactive,1,,,1.33,4.49,3.57,3.06,2.96,2.96,3.16,3.26,3.26,3.26,3.16
481,49647047,1915100,CCCOC1=CC=C(C=C1)C(=O)NNC(=S)NC(=O)C2=CC=CC=C2,Inactive,1,,,1,4.51,4.61,4.11,3.91,3.81,3.71,3.41,3.51,,3.51
482,49647214,682361,C1=CC=C(C=C1)C(=O)/C=C/2\C3=CC=CC=C3NC2=O,Inactive,0,,,0.4,3.32,2.82,2.72,2.72,2.82,2.92,2.92,3.12,3.02,2.92
483,49647281,24747662,C[N+]1=CC=C(C=C1)/C=C/C2=CNC3=C2C=CC(=C3)OC.[I-],Inactive,6,,,5.72,8.98,7.45,6.43,5.71,5,3.98,3.98,3.37,3.37,3.26
484,49648659,679283,COC1=CC=C(C=C1)/C=C\2/C(=NOC2=O)C3=CC=CC=C3,Inactive,0,,,0.3,3.84,3.54,3.44,3.44,3.44,3.44,3.54,3.54,,3.54
485,49649021,135457059,C1=CC=NC(=C1)C2=NC(=CC(=O)N2)CSC3=CC=C(C=C3)Cl,Inactive,0,,,-0.3,5.16,4.85,4.55,4.85,4.85,4.96,5.16,5.16,,5.46
486,49649742,2054727,C1=CC=C(C=C1)CN2C(=O)/C(=C\C3=CC(=C(C=C3)O)O)/SC2=S,Active,33,,,33.07,36.51,5.46,4.96,4.25,4.05,3.74,3.64,3.54,,3.44
487,49664936,135424626,CC1=CC(=C(C(=O)O1)C(=O)/C=C/C2=CC=C(C=C2)Cl)O,Inactive,1,,,0.61,3.73,3.32,2.82,2.92,3.12,3.12,3.02,3.12,3.12,3.12
488,49664937,135745096,CC1=CC(=C(C(=O)O1)C(=O)/C=C/C2=C(C(=C(C(=C2F)F)F)F)F)O,Inactive,10,,,9.67,12.79,3.43,2.92,2.82,2.92,2.92,3.02,3.02,2.82,3.12
489,49664939,910842,C1=CC=C(C=C1)N=NC2=CC=C(O2)O,Inactive,0,,,0.41,3.53,3.12,3.12,2.92,3.12,3.02,3.12,3.12,3.02,3.12
490,49664966,6227898,C=CCOC1=CC=C(C=C1)C(=O)/C=C/2\C3=CC=CC=C3NC2=O,Inactive,0,,,-0.2,3.02,3.12,3.32,3.12,3.32,3.22,3.22,3.32,3.32,3.22
491,49664970,6237881,C=CCOC1=CC=CC(=C1)C(=O)/C=C/2\C3=CC=CC=C3NC2=O,Inactive,0,,,0,3.02,3.02,2.92,3.12,2.92,3.12,3.02,3.02,3.02,3.02
492,49665013,6227965,C=CCOC1=CC=CC=C1C(=O)/C=C/2\C3=CC=CC=C3NC2=O,Inactive,0,,,-0.4,2.72,2.72,2.72,2.82,2.82,3.02,2.92,3.02,3.12,3.12
493,49665050,6227929,CC(C)OC1=CC=C(C=C1)C(=O)/C=C/2\C3=CC=CC=C3NC2=O,Inactive,1,,,0.61,3.73,3.53,3.43,3.12,3.12,3.22,3.32,3.32,3.22,3.12
494,49665065,6228509,COC1=CC(=C(C=C1)C(=O)/C=C/2\C3=CC=CC=C3NC2=O)OC,Inactive,0,,,0.1,3.32,3.22,3.12,3.02,3.32,3.12,3.22,3.43,3.22,3.22
495,49665172,24761063,CN1C=C(C2=C1C=CC(=C2)OC)/C=C/C3=CC=[N+](C=C3)C.[I-],Inactive,7,,,6.83,9.89,7.14,5.2,4.28,3.77,3.37,3.26,3.26,3.16,3.06
496,49665230,819865,C1=CC2=C(C=CC3=C2C(=C1)C(=O)N(C3=O)O)[N+](=O)[O-],Inactive,20,,,20.1,23.36,12.34,7.24,5.71,4.49,3.77,3.47,3.37,3.37,3.26
497,49665816,1472329,CC1=CC=C(C=C1)S(=O)(=O)C2=NC=C(C=C2)[N+](=O)[O-],Inactive,1,,,0.92,4.18,3.67,3.47,3.37,3.37,3.47,3.26,3.37,3.37,3.26
498,49666109,85844,C1=CC=C2C(=C1)C(=O)C3C(C2=O)O3,Inactive,2,,,2.14,4.18,3.98,3.37,3.37,3.26,3.26,3.37,3.37,3.37,2.04
499,49666206,1491276,CC1=CC=C(C=C1)S(=O)(=O)C2=C(C=CC=N2)[N+](=O)[O-],Inactive,0,,,0.3,3.12,3.12,2.92,3.12,3.02,3.02,2.92,3.02,2.82,2.82
500,49666263,1477595,C1=CC=C(C=C1)S(=O)(=O)C2=NC=C(C=C2)[N+](=O)[O-],Inactive,0,,,0.4,3.77,3.47,3.37,3.37,3.37,3.26,3.26,3.37,3.26,3.37
501,49667041,24761146,CC1=CC2=C(C=C1)NC=C2/C=C/C3=CC=[N+](C=C3)C.[I-],Inactive,5,,,5.44,8.56,6.45,5.14,4.03,3.83,3.32,3.32,3.22,3.12,3.12
502,49667132,24761154,CC1=CC2=C(C=C1)N(C(=C2/C=C/C3=CC=[N+](C=C3)C)C)C.[I-],Inactive,16,,,15.6,18.56,9.69,6.63,4.79,3.88,3.47,3.26,3.26,3.16,2.96
503,49667162,24761158,CC1=CC2=C(C=C1)NC(=C2/C=C/C3=CC=[N+](C=C3)C)C.[I-],Inactive,17,,,16.52,19.44,10.28,6.15,4.74,3.63,3.32,3.12,3.02,3.12,2.92
504,49667229,1504002,C1=CC=C(C=C1)C(=O)C#CC2=CC=CC=C2N,Inactive,1,,,0.5,3.64,3.24,3.24,3.24,3.34,3.34,3.34,3.24,,3.14
505,49667232,135473369,COC1=CC=CC(=C1O)/C=N/NC2=NC=C(C=C2)[N+](=O)[O-],Inactive,1,,,0.51,3.54,3.44,3.54,3.54,3.44,3.34,3.34,3.24,,3.03
506,49667370,17578557,C1=CC=C2C(=C1)/C(=C\C(=O)C3=CC=C(C=C3)OCC(=O)N)/C(=O)N2,Inactive,1,,,0.91,4.03,3.53,3.43,3.02,3.32,3.22,3.22,3.22,3.12,3.12
507,49668274,135696955,COC1=C(C(=CC(=C1)/C=C\2/C(=NOC2=O)C3=CC=CC=C3)Br)O,Inactive,1,,,1.3,4.91,3.61,3.41,3.51,3.61,3.51,3.51,3.51,,3.61
508,49668440,3962444,CC1=CC(=CC=C1)C(=O)NC2=CC(=C(C=C2)NC(=O)C3=CC4=CC=CC=C4O3)OC,Inactive,0,,,0.1,3.51,3.51,3.61,3.61,3.51,3.51,3.41,3.61,,3.41
509,49668693,135453955,C1=CC=NC(=C1)N/N=C/C2=C(C=CC(=C2)Br)O,Inactive,1,,,1.31,4.33,3.53,3.22,2.82,3.02,3.02,3.02,3.02,2.92,3.02
510,49668801,135745100,COC1=CC=CC=C1N=NC2=C3C=CC=NC3=C(C=C2)O,Inactive,1,,,1.21,4.23,3.43,3.32,3.53,3.32,3.32,3.12,3.02,3.12,3.02
511,49668807,15991135,CC1=CC=C(C=C1)C(=O)NC2=CC(=C(C=C2)NC(=O)C3=CC4=CC=CC=C4O3)OC,Inactive,0,,,0.1,3.51,3.61,3.61,3.71,3.61,3.51,3.51,3.51,,3.41
512,49672951,4484064,CC1=C(C(=CC=C1)C)NC(=O)C(C(=O)C2=CC=CC=C2)Cl,Inactive,0,,,0,3.22,3.53,3.32,2.92,3.02,3.02,3.02,3.12,3.02,3.22
513,49673230,9684637,CC1=C(SC2=NC=NC(=C12)N/N=C(\C)/C3=CC=CC=N3)C,Active,94,,,93.52,97.5,106.58,3.57,3.16,3.06,3.47,3.47,3.77,3.67,3.98
514,49674159,1266032,C1=CC=C(C(=C1)C(=O)SC2=CC=CC3=C2N=CC=C3)Br,Inactive,0,,,0.21,3.37,3.26,3.16,3.16,3.26,3.26,3.26,3.37,3.26,3.16
515,49674233,200953,C1=CC=C(C=C1)C#CC(=O)C2=CC=CO2,Inactive,1,,,0.61,4.15,3.54,3.64,3.54,3.64,3.54,3.74,3.64,,3.54
516,49674405,135474167,C1=CC2=C3C(=C1)N=C(N=C3/C(=C/O)/C=C2)C(F)(F)F,Inactive,8,,,8.36,11.38,6.55,5.04,4.03,3.22,3.12,3.02,3.02,3.12,3.02
517,49675250,2324901,CC1=CC=C(C=C1)S(=O)(=O)CC2=CC(=C(C=C2[N+](=O)[O-])[N+](=O)[O-])F,Inactive,23,,,23.35,26.82,7.34,4.08,3.57,3.67,3.57,3.47,3.47,3.37,3.47
518,49675487,3878282,CC1=CC=C(C=C1)C(C2=CC(=C3C=CC=NC3=C2O)Cl)N4CCN(CC4)C,Inactive,5,,,5.34,8.26,3.32,3.02,3.12,3.12,2.72,3.02,3.02,3.02,2.92
519,49676452,2142586,CC1=CC=C(O1)/C=C/2\C(=O)N(C(=S)S2)C3CCCCC3,Inactive,0,,,0.2,3.22,3.12,2.92,3.12,3.02,3.12,4.63,3.53,3.32,3.02
520,49677288,3878766,CN1CCN(CC1)C(C2=CC=C(C=C2)C(F)(F)F)C3=C(C4=C(C=CC=N4)C=C3)O,Inactive,1,,,1.31,4.43,3.02,3.02,3.12,3.02,3.22,3.12,3.02,3.12,3.12
521,49679215,6020951,CC\1=NOC(=O)/C1=C/C2=CC(=C(C(=C2)Br)OCC#C)OC,Inactive,1,,,0.51,3.54,3.54,3.24,3.14,3.14,3.14,3.24,3.14,,3.03
522,49679608,2276396,CC1=C(C2=C(C=C1)N3C(=O)/C(=C/C4=CC=C(O4)C5=CC=CC=C5C(=O)O)/SC3=N2)C,Inactive,9,,,9.08,12.34,5.92,4.08,3.37,3.26,3.26,3.16,3.16,3.16,3.26
523,49680824,4432459,COC1=CC=CC(=C1)N=NC2=C3C=CC=NC3=C(C=C2)O,Inactive,0,,,0.2,3.32,3.22,3.43,3.22,3.32,3.22,3.12,3.22,3.02,3.12
524,49681549,165528,CN(CC1=CN=C2C(=N1)C(=NC(=N2)N)N)C3=CC=C(C=C3)C(=O)N[C@@H](CCC(=O)O)C(=O)O.O,Inactive,0,,,0.3,3.54,3.44,3.34,3.14,3.14,3.24,3.34,3.34,,3.24
525,49681632,636362,C[C@H]1[C@H]([C@H](C[C@@H](O1)O[C@H]2C[C@@](CC3=C2C(=C4C(=C3O)C(=O)C5=CC=CC=C5C4=O)O)(C(=O)C)O)N)O.Cl,Inactive,3,,,2.7,6.31,4.71,3.91,3.81,3.61,3.71,3.61,3.71,,3.61
526,49716818,9615909,C/C(=N\NC(=O)C1=CC2=CC=CC=C2C=C1O)/C3=CC=CC=N3,Inactive,2,,,1.63,4.59,4.28,3.26,3.06,3.06,3.06,3.06,3.06,3.16,2.96
527,49718429,16477395,CC1=CC=C(C=C1)S(=O)(=O)N2CCCC2C(=O)NCC3=CC=NC=C3,Inactive,0,,,0,3.81,3.91,4.01,3.91,3.91,3.91,4.11,4.01,,3.81
528,49721830,16446370,CC1=CC=C(C=C1)NC(=O)C2=NC(=NC=C2Cl)S(=O)(=O)CC3=CC=CC=C3,Inactive,0,,,-0.3,3.02,3.02,3.22,3.22,3.32,3.12,3.12,3.43,3.12,3.32
529,49721918,16446682,C1OC2=C(O1)C=C(C=C2)CNC(=O)C3=NC(=NC=C3Cl)S(=O)(=O)CC4=CC=CC=C4,Inactive,0,,,-0.21,3.26,3.26,3.26,3.26,3.26,3.37,3.26,3.37,3.37,3.47
530,49724784,1582612,C1=CC=C2C(=C1)C(=O)N(C2=O)OS(=O)(=O)C3=CC=C(C=C3)F,Inactive,2,,,1.62,5.16,4.15,3.94,3.74,3.74,3.64,3.64,3.64,,3.54
531,49725680,54684576,CN1C2=CC=CC=C2C(=C(C1=O)C(=O)NNC(=O)C3=CC=C(C=C3)Br)O,Inactive,3,,,2.5,6.11,6.01,4.41,3.41,3.11,3.21,3.21,3.21,,3.61
532,49725715,876009,C1=CC=C2C(=C1)C=C(O2)C(=O)NC3=CC=C(C=C3)NC(=O)C4=CC=CO4,Inactive,0,,,0.3,3.61,3.51,3.61,3.61,3.61,3.51,3.51,3.51,,3.31
533,49729951,1085990,CC1=C(C=CC(=C1)NC(=O)C2=C(N=CC=C2)Cl)NC(=O)C3=CC4=CC=CC=C4O3,Inactive,0,,,0.1,3.51,3.51,3.41,3.51,3.41,3.41,3.41,3.41,,3.41
534,49732685,2133640,CC1=C(C=CC(=C1)S(=O)(=O)ON2C(=O)C3=CC=CC=C3C2=O)F,Inactive,1,,,1.23,4.39,4.49,3.57,3.26,3.26,3.26,3.16,3.16,3.26,3.16
535,49737679,1653162,COC1=CC=CC=C1C(=O)NNC(=S)NC(=O)C2=CC=CS2,Inactive,0,,,0.2,3.26,3.47,3.16,3.16,3.16,3.06,3.26,3.06,3.06,3.06
536,49820795,18083820,CC(C(=O)NC1=NC(=CS1)C2=CC=CC=N2)OC3=CC=C(C=C3)Br,Inactive,1,,,1.11,4.13,3.02,2.92,2.92,3.22,3.12,2.92,3.02,3.02,3.02
537,49821219,1791144,COC1=CC=C(C=C1)OCC(=O)NNC(=S)NC(=O)C2CCCCC2,Inactive,2,,,2.43,6.07,4.45,4.05,3.84,3.64,3.64,3.64,3.64,,3.64
538,49821273,1791148,CCC1=CC(=C(C=C1)OCC(=O)NNC(=S)NC(=O)C2CC2)Br,Inactive,1,,,0.71,3.73,3.83,3.22,2.92,3.02,3.02,2.92,3.12,2.92,3.02
539,49821761,4903132,CC(C(=O)NCCN1CCOCC1)OC2=C(C=C3C4=C(CCC4)C(=O)OC3=C2)Cl,Inactive,0,,,-0.1,3.54,3.64,3.64,3.64,3.64,3.64,3.64,3.64,,3.64
540,49823776,8280154,C1CC1NC(=O)/C(=C/C2=C(C=CC(=C2)Br)F)/C#N,Inactive,1,,,0.51,4.05,3.44,3.34,3.34,3.44,3.44,3.54,3.54,,3.54
541,49824246,5341487,C/C(=N\NC(=O)C1=CC(=CC=C1)Br)/C2=CC=CC=N2,Inactive,1,,,0.91,3.83,3.12,2.82,3.12,3.02,3.12,3.02,3.02,3.02,2.92
542,49824992,2002186,C1=CC(=CC(=C1)Cl)C(=O)NC(=S)NC2=CC3=C(C=C2)OC(=O)C=C3,Inactive,0,,,0.2,4.01,4.01,3.91,3.91,4.01,3.91,3.91,3.91,,3.81
543,49825391,9586798,CC1=CC(=C(C=C1)C(=O)O/N=C(/CC2=CC=CS2)\N)Cl,Inactive,1,,,0.9,4.31,3.81,3.61,3.51,3.51,3.51,3.41,3.51,,3.41
544,49829017,4905846,CCCC1=CC(=O)OC2=C1C(=CC(=C2)C)OCC(=O)NC3CC3,Inactive,0,,,0.1,3.34,3.34,3.24,3.34,3.24,3.24,3.24,3.34,,3.24
545,50085422,1730612,C=CCN1C(=O)/C(=C/C2=CC=C(O2)C3=CC=C(C=C3)F)/SC1=S,Inactive,1,,,1.21,4.45,3.64,3.54,3.54,3.44,3.34,3.44,3.44,,3.24
546,50085446,2754564,C1=CC(=CC=C1C2=CC=C(O2)C=C3C(=O)NC(=O)NC3=O)Cl,Inactive,1,,,0.5,4.41,4.31,3.61,3.61,3.71,3.91,3.81,4.01,,3.91
547,50085945,135398658,C1=CC(=CC=C1C(=O)N[C@@H](CCC(=O)O)C(=O)O)NCC2=CN=C3C(=N2)C(=O)NC(=N3)N,Inactive,0,,,0.1,3.61,3.71,3.51,3.51,3.41,3.61,3.61,3.71,,3.51
548,51085315,6201879,COC1=CC=CC(=C1)/C=C\2/C(=O)N(C(=S)S2)CCCC(=O)NC3=CC=C(C=C3)C(=O)O,Inactive,0,,,0.1,3.51,3.31,3.31,3.41,3.51,3.51,3.41,3.51,,3.41
549,51086108,7539642,C1CN(CCN1C2=NC3=C(C=C(C=C3S2)F)F)C(=O)C4=CC=C(O4)[N+](=O)[O-],Inactive,9,,,9.47,12.69,12.79,3.22,3.02,3.02,3.22,3.22,3.22,3.32,3.22
550,51087836,5905739,C1CC2=C(C=CC(=C2)C(=O)/C=C/C(=O)O)C3=CC=CC=C31,Inactive,1,,,1.2,4.81,4.31,3.61,3.41,3.41,3.61,3.61,3.71,,3.61
551,51087900,5928853,C1=CC(=CC(=C1)[N+](=O)[O-])/C=C/C(=O)C2=CC=C(O2)[N+](=O)[O-],Inactive,1,,,1.4,5.31,5.51,4.11,3.71,3.81,3.81,3.91,3.81,,3.91
552,51087902,6054676,CC1=CC(=CC=C1)/C=C/C(=O)C2=CC=C(O2)[N+](=O)[O-],Inactive,10,,,9.72,13.33,5.61,3.81,3.51,3.51,3.51,3.61,3.41,,3.61
553,51089502,7292609,CCC1=C2C(=CC=C1)SC(=N2)N3CCN(CC3)C(=O)C4=CC=C(O4)[N+](=O)[O-],Inactive,9,,,8.97,12.09,12.19,3.02,2.82,2.92,3.12,3.02,3.22,3.12,3.12
554,51089726,6054675,CC1=CC=C(C=C1)/C=C/C(=O)C2=CC=C(O2)[N+](=O)[O-],Inactive,2,,,1.94,5.2,3.37,3.06,3.06,3.16,3.37,3.16,3.16,3.16,3.26
555,51090715,23704906,C1=CC=C(C=C1)C2=CC(=O)N(C(=C2)C3=CC=CC=C3)[O-].[Na+],Inactive,1,,,1.2,4.61,4.21,3.31,3.31,3.31,3.41,3.31,3.31,,3.41
556,56317313,18127589,CC(C(=O)NC1=NC(=CS1)C2=CC=CC=N2)OC3=CC(=CC=C3)Cl,Inactive,1,,,0.71,3.83,3.22,3.22,3.32,3.32,3.53,3.32,3.32,3.32,3.12
557,56319033,16285260,C1=CC=NC(=C1)C2=CSC(=N2)NC(=O)COC3=C(C=C(C=C3)F)Cl,Inactive,0,,,0.1,3.34,3.34,3.44,3.64,3.54,3.54,3.54,3.44,,3.24
558,56322255,17393542,C1=CC=NC(=C1)C2=CSC(=N2)NC(=O)COC3=CC(=CC=C3)Cl,Inactive,2,,,1.61,4.53,3.53,3.02,3.12,3.12,3.12,3.12,3.12,3.12,2.92
559,56322574,5709759,CCN\1C2=CC=CC=C2S/C1=C\C=C\C3=[N+](C4=CC=CC=C4S3)CC.[I-],Inactive,1,,,0.6,4.11,4.11,3.71,3.61,3.71,3.61,3.71,3.61,,3.51
560,56422197,3117,CCN(CC)C(=S)SSC(=S)N(CC)CC,Inactive,0,,,0.4,3.91,3.51,3.31,3.41,3.41,3.51,3.61,3.51,,3.51
561,56423111,19910,C1=CC2=C(C=CC(=C2N=C1)O)[N+](=O)[O-],Inactive,1,,,1.3,4.51,6.11,3.51,3.41,3.21,3.61,3.51,3.31,,3.21
562,56436776,24978563,CC[C@H](C)CC1=CN(N=N1)[C@@H](CCCN=C(N)N)C(=O)NCCCCCCCCCCC(=O)N2CCN(CC2)C3=NC(=NC(=N3)N4CCN(CC4)C(=O)CCCCCCCCCCNC(=O)[C@H](CCCCN)N5C=C(N=N5)CCCC(=O)O)NCCOCCOCCOCC#C,Inactive,0,,,0,3.54,3.54,3.64,3.54,3.54,3.54,3.54,3.54,,3.54
563,56436777,24978568,CC[C@H](C)CC1=CN(N=N1)[C@@H](CCCN=C(N)N)C(=O)NCCCCCCCCCCC(=O)N2CCN(CC2)C3=NC(=NC(=N3)N4CCN(CC4)C(=O)CCCCCCCCCCNC(=O)[C@H](CCCCN)N5C=C(N=N5)C)NCCOCCOCCOCC#C,Inactive,0,,,0,3.44,3.14,3.34,3.44,3.34,3.34,3.44,3.34,,3.44
564,56436779,24983085,CC[C@H](C)CC1=CN(N=N1)[C@@H](CCCCN)C(=O)NCCCCCCCCCCC(=O)N2CCN(CC2)C3=NC(=NC(=N3)N4CCN(CC4)C(=O)CCCCCCCCCCNC(=O)[C@H](CCCCN)N5C=C(N=N5)CCO)NCCOCCOCCOCC#C,Inactive,0,,,0.31,3.34,3.14,3.24,3.24,3.24,3.14,3.24,3.24,,3.03
565,56436780,24978571,CC[C@H](C)CC1=CN(N=N1)[C@@H](CCCN=C(N)N)C(=O)NCCCCCCCCCCC(=O)N2CCN(CC2)C3=NC(=NC(=N3)N4CCN(CC4)C(=O)CCCCCCCCCCNC(=O)[C@H](CCCCN)N5C=C(N=N5)CCO)NCCOCCOCCOCC#C,Inactive,0,,,-0.2,3.24,3.03,3.34,3.34,3.24,3.34,3.34,3.34,,3.44
566,56463390,25102609,CC1=CC=C(C=C1)S(=O)(=O)N2CC(=CC[C@H]2C3=CC=C(C=C3)Cl)C(=O)O,Inactive,0,,,-0.31,2.93,3.03,3.14,3.14,3.14,3.34,3.24,3.24,,3.24
567,56463527,38911,CC1=CC(=O)N(C(=C1)C2CCCCC2)O.C(CO)N,Inactive,0,,,0,3.34,3.03,2.83,3.24,3.24,3.34,3.14,3.34,,3.34
568,56463637,107982,CC(C)CCCCCCC(=O)NCC1=CC(=C(C=C1)O)OC,Inactive,0,,,-0.2,3.24,3.14,3.34,3.34,3.34,3.44,3.44,3.44,,3.44
569,56463665,126941,CN(CC1=CN=C2C(=N1)C(=NC(=N2)N)N)C3=CC=C(C=C3)C(=O)N[C@@H](CCC(=O)O)C(=O)O,Inactive,1,,,0.51,3.54,3.44,3.24,3.24,3.24,3.24,3.24,3.24,,3.03
570,56463698,6197,C[C@H]1C[C@@H](C(=O)[C@@H](C1)[C@@H](CC2CC(=O)NC(=O)C2)O)C,Inactive,1,,,0.7,4.31,4.61,5.11,5.21,5.21,4.71,4.01,3.81,,3.61
571,57258501,25162522,CCC1=C(SC(=C1)C(=O)NC2=NC(=CS2)C3=CC=CC=N3)C,Inactive,1,,,0.5,3.74,3.34,3.34,3.24,3.24,3.24,3.34,3.34,,3.24
572,57258827,25162792,CCN(CC1=CC=CC=C1)CC(=O)NC2=C(C=CC(=C2)S(=O)(=O)N3CCOCC3)Cl,Inactive,0,,,-0.1,3.51,3.61,3.61,3.61,3.61,3.61,3.61,3.61,,3.61
573,57260394,1570,C1=CC(=S)N(C=C1)O,Inactive,0,,,0.1,3.54,3.74,3.64,3.74,3.74,3.64,3.54,3.54,,3.44
574,57260703,16315689,CC1CN(CC(O1)C)S(=O)(=O)C2=CC=C(C=C2)C(=O)NC(CC(=O)O)C3=CC=C(C=C3)C,Inactive,0,,,0,3.54,3.44,3.54,3.44,3.44,3.44,3.54,3.44,,3.54
575,57261405,555237,C1=CC=C(C=C1)N2C(=C3C=CC(=CC3=[N+]2[O-])[N+](=O)[O-])C#N,Inactive,1,,,0.71,4.15,4.25,3.54,3.44,3.34,3.34,3.34,3.44,,3.44
576,57264276,2154,C1=CC(=CC=C1C(=O)NC(CCC(=O)O)C(=O)O)NCC2=CN=C3C(=N2)C(=NC(=N3)N)N,Inactive,0,,,0.1,3.44,3.34,3.44,3.34,3.34,3.34,3.34,3.44,,3.34
577,57264299,6708701,C[C@]12C3CCC([C@]1(C(=O)OC2=O)C)O3,Inactive,2,,,1.7,5.51,4.91,3.91,3.81,3.81,3.91,3.91,3.91,,3.81
578,57264318,25163004,CC[C@H](C)CC1=CN(N=N1)[C@@H](CCCCN)C(=O)NCCCCCCCCCCC(=O)N2CCN(CC2)C3=NC(=NC(=N3)NCCOCCOCCOCC#C)N4CCN(CC4)C(=O)CCCCCCCCCCNC(=O)[C@@H](CCC(=O)O)N5C=C(N=N5)CCCCCN,Inactive,0,,,0.1,3.24,3.03,3.34,3.34,3.34,3.34,3.44,3.24,,3.14
579,57264557,1730,C1=CC(=CC=C1C(=O)O)[Hg]Cl,Inactive,1,,,0.81,4.45,3.54,3.64,3.64,3.54,3.64,3.54,3.64,,3.64
580,57265922,4796683,CC1=CC=CC=C1OCCOC(=O)C2=CC=C(C=C2)S(=O)(=O)N3CCCC3,Inactive,0,,,0.41,3.44,3.34,3.34,3.34,3.34,3.24,3.24,3.34,,3.03
581,57267038,8924029,CC1=C(OC2=CC=CC=C12)C(=O)NC3=NC(=CS3)C4=CC=CC=N4,Inactive,1,,,1,4.51,4.41,3.61,3.61,3.61,3.61,3.61,3.61,,3.51
582,57268664,9085542,CC1=C(OC2=C1C=C(C=C2)F)C(=O)NC3=CC4=C(C=C3)N=C(S4)C,Inactive,0,,,0,3.54,3.44,3.64,3.64,3.64,3.54,3.54,3.54,,3.54
583,57269051,137226,CC1=CC(=C(C=C1)O)N=NC2=NC=CS2,Inactive,1,,,0.61,4.15,3.84,3.44,3.54,3.44,3.54,3.54,3.44,,3.54
584,74373937,42601254,CC[C@]1(C(=O)N(O1)C2=CC=CC=C2C(F)(F)F)C3=CC=CC=C3C,Inactive,0,,,-0.1,3.14,3.14,3.14,3.24,3.24,3.24,3.24,3.34,,3.24
585,74373938,42601255,C1CCC(CC1)[C@]2(C(=O)N(O2)C3=CC=CC=C3C(F)(F)F)C4=CC=CC=C4,Inactive,0,,,0,3.64,3.64,3.64,3.54,3.64,3.64,3.64,3.64,,3.64
586,74373939,42601256,C1CCC(CC1)[C@@]2(C(=O)N(O2)C3=CC=CC=C3C(F)(F)F)C4=CC=CC=C4,Inactive,0,,,-0.1,3.54,3.54,3.64,3.64,3.54,3.64,3.54,3.64,,3.64
587,74373940,42601257,C1CCC(C1)[C@@]2(C(=O)N(O2)C3=CC=CC=C3C(F)(F)F)C4=CC=CC=C4,Inactive,0,,,-0.1,3.71,3.81,3.91,3.91,3.91,3.81,3.91,3.91,,3.81
588,74373941,42601258,C1CCC(C1)[C@]2(C(=O)N(O2)C3=CC=CC=C3C(F)(F)F)C4=CC=CC=C4,Inactive,0,,,-0.2,3.34,3.44,3.44,3.54,3.54,3.54,3.54,3.54,,3.54
589,74373942,42601259,CC(C)C[C@]1(C(=O)N(O1)C2=CC=CC=C2C(F)(F)F)C3=CC=CC=C3,Inactive,0,,,-0.1,3.44,3.64,3.64,3.64,3.74,3.64,3.64,3.64,,3.54
590,74373943,42601260,C[C@@]1(C(=O)N(O1)C2=CC=CC=C2C(F)(F)F)C3=CC=CC=C3OC,Inactive,0,,,0.3,3.64,3.34,3.14,3.24,3.24,3.34,3.34,3.34,,3.34
591,74373944,42601261,C[C@]1(C(=O)N(O1)C2=CC=CC=C2C(F)(F)F)C3=CC=CC=C3OC,Inactive,0,,,0.3,3.74,3.44,3.34,3.44,3.54,3.64,3.64,3.64,,3.44
592,74373945,42601262,CC(C)[C@]1(C(=O)N(O1)C2=CC=CC=C2C(F)(F)F)C3=CC=CC=C3,Inactive,0,,,-0.2,3.44,3.54,3.64,3.64,3.64,3.64,3.64,3.54,,3.64
593,74373946,42601263,CC(C)[C@@]1(C(=O)N(O1)C2=CC=CC=C2C(F)(F)F)C3=CC=CC=C3,Inactive,0,,,-0.2,3.24,3.24,3.24,3.24,3.24,3.24,3.24,3.34,,3.44
594,74373947,42601264,CC(C)[C@@]1(C(=O)N(O1)C2=CC=CC=C2C(F)(F)F)C3=CC=C(C=C3)Cl,Inactive,0,,,-0.1,3.14,3.24,3.14,3.34,3.24,3.24,3.24,3.24,,3.24
595,74373948,42601265,CC(C)[C@]1(C(=O)N(O1)C2=CC=CC=C2C(F)(F)F)C3=CC=C(C=C3)Cl,Inactive,0,,,-0.1,3.24,3.24,3.24,3.24,3.34,3.24,3.34,3.34,,3.34
596,81066533,42628306,C1=CC=C(C=C1)CC2(C(=O)N(O2)C3=CC=CC=C3C(F)(F)F)C4=CC=CC=C4,Inactive,0,,,0,3.71,3.51,3.61,3.61,3.51,3.61,3.51,3.71,,3.71
597,81066534,42628307,CCC1(C(=O)N(O1)C2=C(C=CC=C2Br)Br)C3=CC=CC=C3,Inactive,1,,,0.5,4.31,3.51,3.51,3.61,3.71,3.61,3.71,3.71,,3.81
598,81066536,42628309,CC(C)[C@]1(C(=O)N(O1)C2=CC=CC=C2C(F)(F)F)C3=CC=C(C=C3)OC,Inactive,0,,,-0.2,3.41,3.51,3.51,3.51,3.61,3.61,3.51,3.61,,3.61
599,81066537,42605197,CC[C@]1(C(=O)N(O1)C2=CC=CC=C2C(F)(F)F)C3=CC=CC=C3OC,Inactive,0,,,0,3.81,3.61,3.61,3.71,3.71,3.81,3.81,3.81,,3.81
600,81066538,42628310,CC[C@@]1(C(=O)N(O1)C2=CC=CC=C2C(F)(F)F)C3=CC=CC=C3OC,Inactive,1,,,0.6,3.81,3.41,3.41,3.31,3.21,3.31,3.31,3.41,,3.21
601,81066539,42628311,CC(C)[C@@]1(C(=O)N(O1)C2=CC=CC=C2C(F)(F)F)C3=CC=C(C=C3)OC,Inactive,0,,,-0.1,3.44,3.44,3.54,3.44,3.54,3.54,3.54,3.54,,3.54
602,81066540,42628312,CC1(C(=O)N(O1)C2=CC=CC=C2C(F)(F)F)C3=CC=C(C=C3)OC,Inactive,1,,,0.5,3.91,3.51,3.41,3.41,3.51,3.51,3.41,3.41,,3.41
603,81066541,42628313,CC1(C(=O)N(O1)C2=CC=CC=C2C(F)(F)F)C3=CC=CC=C3,Inactive,0,,,0.3,3.74,3.34,3.34,3.44,3.54,3.54,3.54,3.54,,3.44
604,81066542,42628314,CC1=CC=CC=C1[C@]2(C(=O)N(O2)C3=CC=CC=C3C(F)(F)F)C,Inactive,0,,,0.4,3.74,3.94,3.74,3.54,3.34,3.54,3.44,3.54,,3.34
605,81066543,42628315,CC1=CC=CC=C1[C@@]2(C(=O)N(O2)C3=CC=CC=C3C(F)(F)F)C,Inactive,0,,,-0.2,3.71,3.61,3.71,3.71,3.81,3.91,3.91,3.71,,3.91
606,81066866,42628599,CC1CCC2(CCCCO2)O[C@@H]1C(C)CC([C@@H]3C(=C)C([C@H]4[C@H](O3)CC[C@]5(O4)CC[C@@H](O5)/C=C/C(C)[C@@H]6CC(=CC7(O6)C(CC[C@H](O7)C[C@](C)(C(=O)O)O)O)C)O)O,Inactive,0,,,0.4,3.94,3.54,3.64,3.54,3.64,3.64,3.64,3.64,,3.54
607,85146933,33528,CCCCCCCCN1C(=O)C=CS1,Inactive,2,,,1.6,5.11,4.81,3.91,3.61,3.51,3.61,3.61,3.61,,3.51
608,85147383,602897,COC1=CC(=C(C=C1N=C2C(=NSS2)Cl)OC)Cl,Inactive,0,,,0.4,3.54,3.34,3.34,3.34,3.24,3.34,3.34,3.34,,3.14
609,85147432,44143210,C1CCN(CC1)C2=NC=C(C=C2)C3=CC(=C4C(=C3)C=CC=N4)O.C(=O)(C(F)(F)F)O,Inactive,1,,,0.5,3.74,3.54,3.34,3.24,3.24,3.34,3.24,3.24,,3.24
610,85200278,44201402,CC(=O)OC[C@]12CC[C@@H]3[C@]4(CCCC([C@@H]4CC[C@]3([C@@H]1C[C@@H](O2)C5=CC(=O)O[C@@H]5OC(=O)C)C)(C)C)C,Inactive,4,,,4.41,7.82,4.31,3.81,3.41,3.31,3.41,3.31,3.41,,3.41
611,85270039,16279122,CC(C(=O)NC1=NC(=CS1)C2=CC=CC=C2)OC(=O)C3=CC=CO3,Inactive,0,,,0,3.24,3.24,3.34,3.24,3.24,3.24,3.34,3.24,,3.24
612,85270801,3440417,CC1=C(C=C(C=C1)NC(=O)CCC2=CC=CC=C2)S(=O)(=O)N3CCOCC3,Inactive,0,,,0,3.44,3.34,3.44,3.44,3.54,3.44,3.54,3.44,,3.44
613,85271222,2468342,CCC1=C(C=C(S1)C(=O)NC2=NC(=CS2)C3=CC=CC=N3)C,Inactive,1,,,1.41,4.75,3.94,3.54,3.54,3.44,3.44,3.44,3.44,,3.34
